"importer"	"imported"	"kind"
"github.com/kapu/hololive-alarm-worker/cmd/alarm-worker"	"github.com/kapu/hololive-alarm-worker/internal/app/workerapp"	"production"
"github.com/kapu/hololive-alarm-worker/cmd/alarm-worker"	"github.com/kapu/hololive-alarm-worker/internal/service/workerruntime"	"production"
"github.com/kapu/hololive-alarm-worker/cmd/alarm-worker"	"github.com/kapu/hololive-shared/pkg/config/settings/alarmworker"	"production"
"github.com/kapu/hololive-alarm-worker/cmd/alarm-worker"	"github.com/kapu/hololive-shared/pkg/constants"	"production"
"github.com/kapu/hololive-alarm-worker/cmd/alarm-worker"	"github.com/kapu/hololive-shared/pkg/observability"	"production"
"github.com/kapu/hololive-alarm-worker/cmd/alarm-worker"	"github.com/kapu/hololive-shared/pkg/config/settings"	"same_package_test"
"github.com/kapu/hololive-alarm-worker/cmd/alarm-worker"	"github.com/kapu/hololive-shared/pkg/config/settings/alarmworker"	"same_package_test"
"github.com/kapu/hololive-alarm-worker/internal/app/workerapp"	"github.com/kapu/hololive-alarm-worker/internal/egress"	"production"
"github.com/kapu/hololive-alarm-worker/internal/app/workerapp"	"github.com/kapu/hololive-alarm-worker/internal/egress/youtubedispatch"	"production"
"github.com/kapu/hololive-alarm-worker/internal/app/workerapp"	"github.com/kapu/hololive-alarm-worker/internal/readiness"	"production"
"github.com/kapu/hololive-alarm-worker/internal/app/workerapp"	"github.com/kapu/hololive-alarm-worker/internal/service/alarm/scheduler"	"production"
"github.com/kapu/hololive-alarm-worker/internal/app/workerapp"	"github.com/kapu/hololive-alarm-worker/internal/service/celebration"	"production"
"github.com/kapu/hololive-alarm-worker/internal/app/workerapp"	"github.com/kapu/hololive-alarm-worker/internal/service/dispatchrun"	"production"
"github.com/kapu/hololive-alarm-worker/internal/app/workerapp"	"github.com/kapu/hololive-alarm-worker/internal/service/envconfig"	"production"
"github.com/kapu/hololive-alarm-worker/internal/app/workerapp"	"github.com/kapu/hololive-alarm-worker/internal/service/workerruntime"	"production"
"github.com/kapu/hololive-alarm-worker/internal/app/workerapp"	"github.com/kapu/hololive-alarm-worker/internal/service/xspaces"	"production"
"github.com/kapu/hololive-alarm-worker/internal/app/workerapp"	"github.com/kapu/hololive-alarm-worker/internal/service/youtube/outbox/dispatchstate"	"production"
"github.com/kapu/hololive-alarm-worker/internal/app/workerapp"	"github.com/kapu/hololive-shared/pkg/config/settings"	"production"
"github.com/kapu/hololive-alarm-worker/internal/app/workerapp"	"github.com/kapu/hololive-shared/pkg/config/settings/alarmworker"	"production"
"github.com/kapu/hololive-alarm-worker/internal/app/workerapp"	"github.com/kapu/hololive-shared/pkg/domain"	"production"
"github.com/kapu/hololive-alarm-worker/internal/app/workerapp"	"github.com/kapu/hololive-shared/pkg/providers"	"production"
"github.com/kapu/hololive-alarm-worker/internal/app/workerapp"	"github.com/kapu/hololive-shared/pkg/providers/modules"	"production"
"github.com/kapu/hololive-alarm-worker/internal/app/workerapp"	"github.com/kapu/hololive-shared/pkg/readiness"	"production"
"github.com/kapu/hololive-alarm-worker/internal/app/workerapp"	"github.com/kapu/hololive-shared/pkg/server/httpserver"	"production"
"github.com/kapu/hololive-alarm-worker/internal/app/workerapp"	"github.com/kapu/hololive-shared/pkg/service/alarm"	"production"
"github.com/kapu/hololive-alarm-worker/internal/app/workerapp"	"github.com/kapu/hololive-shared/pkg/service/alarm/dispatchoutbox"	"production"
"github.com/kapu/hololive-alarm-worker/internal/app/workerapp"	"github.com/kapu/hololive-shared/pkg/service/alarm/queue"	"production"
"github.com/kapu/hololive-alarm-worker/internal/app/workerapp"	"github.com/kapu/hololive-shared/pkg/service/cache"	"production"
"github.com/kapu/hololive-alarm-worker/internal/app/workerapp"	"github.com/kapu/hololive-shared/pkg/service/database"	"production"
"github.com/kapu/hololive-alarm-worker/internal/app/workerapp"	"github.com/kapu/hololive-shared/pkg/service/delivery"	"production"
"github.com/kapu/hololive-alarm-worker/internal/app/workerapp"	"github.com/kapu/hololive-shared/pkg/service/holodex/provider"	"production"
"github.com/kapu/hololive-alarm-worker/internal/app/workerapp"	"github.com/kapu/hololive-shared/pkg/service/kakaoroom"	"production"
"github.com/kapu/hololive-alarm-worker/internal/app/workerapp"	"github.com/kapu/hololive-shared/pkg/service/member"	"production"
"github.com/kapu/hololive-alarm-worker/internal/app/workerapp"	"github.com/kapu/hololive-shared/pkg/service/messagestrings"	"production"
"github.com/kapu/hololive-alarm-worker/internal/app/workerapp"	"github.com/kapu/hololive-shared/pkg/service/notification/alarmservice"	"production"
"github.com/kapu/hololive-alarm-worker/internal/app/workerapp"	"github.com/kapu/hololive-shared/pkg/service/template"	"production"
"github.com/kapu/hololive-alarm-worker/internal/app/workerapp"	"github.com/kapu/hololive-shared/pkg/service/xspaces"	"production"
"github.com/kapu/hololive-alarm-worker/internal/app/workerapp"	"github.com/kapu/hololive-alarm-worker/internal/egress"	"same_package_test"
"github.com/kapu/hololive-alarm-worker/internal/app/workerapp"	"github.com/kapu/hololive-alarm-worker/internal/readiness"	"same_package_test"
"github.com/kapu/hololive-alarm-worker/internal/app/workerapp"	"github.com/kapu/hololive-alarm-worker/internal/service/dispatchrun"	"same_package_test"
"github.com/kapu/hololive-alarm-worker/internal/app/workerapp"	"github.com/kapu/hololive-dbtest"	"same_package_test"
"github.com/kapu/hololive-alarm-worker/internal/app/workerapp"	"github.com/kapu/hololive-shared/pkg/config/settings"	"same_package_test"
"github.com/kapu/hololive-alarm-worker/internal/app/workerapp"	"github.com/kapu/hololive-shared/pkg/config/settings/alarmworker"	"same_package_test"
"github.com/kapu/hololive-alarm-worker/internal/app/workerapp"	"github.com/kapu/hololive-shared/pkg/domain"	"same_package_test"
"github.com/kapu/hololive-alarm-worker/internal/app/workerapp"	"github.com/kapu/hololive-shared/pkg/providers/modules"	"same_package_test"
"github.com/kapu/hololive-alarm-worker/internal/app/workerapp"	"github.com/kapu/hololive-shared/pkg/service/alarm/dispatchoutbox"	"same_package_test"
"github.com/kapu/hololive-alarm-worker/internal/app/workerapp"	"github.com/kapu/hololive-shared/pkg/service/alarm/queue"	"same_package_test"
"github.com/kapu/hololive-alarm-worker/internal/app/workerapp"	"github.com/kapu/hololive-shared/pkg/service/cache"	"same_package_test"
"github.com/kapu/hololive-alarm-worker/internal/app/workerapp"	"github.com/kapu/hololive-shared/pkg/service/cache/mocks"	"same_package_test"
"github.com/kapu/hololive-alarm-worker/internal/app/workerapp"	"github.com/kapu/hololive-shared/pkg/service/database/mocks"	"same_package_test"
"github.com/kapu/hololive-alarm-worker/internal/app/workerapp"	"github.com/kapu/hololive-shared/pkg/service/delivery"	"same_package_test"
"github.com/kapu/hololive-alarm-worker/internal/app/workerapp"	"github.com/kapu/hololive-shared/pkg/service/messagestrings"	"same_package_test"
"github.com/kapu/hololive-alarm-worker/internal/app/workerapp"	"github.com/kapu/hololive-shared/pkg/service/notification/alarmservice"	"same_package_test"
"github.com/kapu/hololive-alarm-worker/internal/app/workerapp"	"github.com/kapu/hololive-shared/pkg/service/template"	"same_package_test"
"github.com/kapu/hololive-alarm-worker/internal/app/workerapp"	"github.com/kapu/hololive-shared/pkg/util"	"same_package_test"
"github.com/kapu/hololive-alarm-worker/internal/egress"	"github.com/kapu/hololive-shared/pkg/service/sendoutcome"	"production"
"github.com/kapu/hololive-alarm-worker/internal/egress/youtubedispatch"	"github.com/kapu/hololive-alarm-worker/internal/egress"	"production"
"github.com/kapu/hololive-alarm-worker/internal/egress/youtubedispatch"	"github.com/kapu/hololive-alarm-worker/internal/egress/youtubedispatch/lifecycle"	"production"
"github.com/kapu/hololive-alarm-worker/internal/egress/youtubedispatch"	"github.com/kapu/hololive-alarm-worker/internal/egress/youtubedispatch/preparation"	"production"
"github.com/kapu/hololive-alarm-worker/internal/egress/youtubedispatch"	"github.com/kapu/hololive-alarm-worker/internal/egress/youtubedispatch/store"	"production"
"github.com/kapu/hololive-alarm-worker/internal/egress/youtubedispatch"	"github.com/kapu/hololive-alarm-worker/internal/service/youtube/logschema"	"production"
"github.com/kapu/hololive-alarm-worker/internal/egress/youtubedispatch"	"github.com/kapu/hololive-alarm-worker/internal/service/youtube/outbox/dispatchstate"	"production"
"github.com/kapu/hololive-alarm-worker/internal/egress/youtubedispatch"	"github.com/kapu/hololive-shared/pkg/constants"	"production"
"github.com/kapu/hololive-alarm-worker/internal/egress/youtubedispatch"	"github.com/kapu/hololive-shared/pkg/dbx"	"production"
"github.com/kapu/hololive-alarm-worker/internal/egress/youtubedispatch"	"github.com/kapu/hololive-shared/pkg/domain"	"production"
"github.com/kapu/hololive-alarm-worker/internal/egress/youtubedispatch"	"github.com/kapu/hololive-shared/pkg/domain/mekparkhost"	"production"
"github.com/kapu/hololive-alarm-worker/internal/egress/youtubedispatch"	"github.com/kapu/hololive-shared/pkg/service/alarm"	"production"
"github.com/kapu/hololive-alarm-worker/internal/egress/youtubedispatch"	"github.com/kapu/hololive-shared/pkg/service/alarm/keys"	"production"
"github.com/kapu/hololive-alarm-worker/internal/egress/youtubedispatch"	"github.com/kapu/hololive-shared/pkg/service/cache"	"production"
"github.com/kapu/hololive-alarm-worker/internal/egress/youtubedispatch"	"github.com/kapu/hololive-shared/pkg/service/delivery"	"production"
"github.com/kapu/hololive-alarm-worker/internal/egress/youtubedispatch"	"github.com/kapu/hololive-shared/pkg/service/messagestrings"	"production"
"github.com/kapu/hololive-alarm-worker/internal/egress/youtubedispatch"	"github.com/kapu/hololive-shared/pkg/service/sendoutcome"	"production"
"github.com/kapu/hololive-alarm-worker/internal/egress/youtubedispatch"	"github.com/kapu/hololive-shared/pkg/service/template"	"production"
"github.com/kapu/hololive-alarm-worker/internal/egress/youtubedispatch"	"github.com/kapu/hololive-shared/pkg/service/youtube/alarmtiming"	"production"
"github.com/kapu/hololive-alarm-worker/internal/egress/youtubedispatch"	"github.com/kapu/hololive-shared/pkg/service/youtube/contentid"	"production"
"github.com/kapu/hololive-alarm-worker/internal/egress/youtubedispatch"	"github.com/kapu/hololive-shared/pkg/service/youtube/outbox/deliverysql"	"production"
"github.com/kapu/hololive-alarm-worker/internal/egress/youtubedispatch"	"github.com/kapu/hololive-shared/pkg/service/youtube/outbox/format"	"production"
"github.com/kapu/hololive-alarm-worker/internal/egress/youtubedispatch"	"github.com/kapu/hololive-shared/pkg/service/youtube/outbox/telemetry"	"production"
"github.com/kapu/hololive-alarm-worker/internal/egress/youtubedispatch"	"github.com/kapu/hololive-shared/pkg/service/youtube/outbox/timeline"	"production"
"github.com/kapu/hololive-alarm-worker/internal/egress/youtubedispatch"	"github.com/kapu/hololive-shared/pkg/service/youtube/timestamp"	"production"
"github.com/kapu/hololive-alarm-worker/internal/egress/youtubedispatch"	"github.com/kapu/hololive-shared/pkg/service/youtube/tracking/observation"	"production"
"github.com/kapu/hololive-alarm-worker/internal/egress/youtubedispatch"	"github.com/kapu/hololive-shared/pkg/sqlassets"	"production"
"github.com/kapu/hololive-alarm-worker/internal/egress/youtubedispatch"	"github.com/kapu/hololive-alarm-worker/internal/egress"	"same_package_test"
"github.com/kapu/hololive-alarm-worker/internal/egress/youtubedispatch"	"github.com/kapu/hololive-alarm-worker/internal/egress/youtubedispatch/lifecycle"	"same_package_test"
"github.com/kapu/hololive-alarm-worker/internal/egress/youtubedispatch"	"github.com/kapu/hololive-alarm-worker/internal/egress/youtubedispatch/store"	"same_package_test"
"github.com/kapu/hololive-alarm-worker/internal/egress/youtubedispatch"	"github.com/kapu/hololive-alarm-worker/internal/service/youtube/logschema"	"same_package_test"
"github.com/kapu/hololive-alarm-worker/internal/egress/youtubedispatch"	"github.com/kapu/hololive-alarm-worker/internal/service/youtube/outbox/dispatchstate"	"same_package_test"
"github.com/kapu/hololive-alarm-worker/internal/egress/youtubedispatch"	"github.com/kapu/hololive-dbtest"	"same_package_test"
"github.com/kapu/hololive-alarm-worker/internal/egress/youtubedispatch"	"github.com/kapu/hololive-shared/pkg/constants"	"same_package_test"
"github.com/kapu/hololive-alarm-worker/internal/egress/youtubedispatch"	"github.com/kapu/hololive-shared/pkg/domain"	"same_package_test"
"github.com/kapu/hololive-alarm-worker/internal/egress/youtubedispatch"	"github.com/kapu/hololive-shared/pkg/service/alarm"	"same_package_test"
"github.com/kapu/hololive-alarm-worker/internal/egress/youtubedispatch"	"github.com/kapu/hololive-shared/pkg/service/alarm/keys"	"same_package_test"
"github.com/kapu/hololive-alarm-worker/internal/egress/youtubedispatch"	"github.com/kapu/hololive-shared/pkg/service/cache"	"same_package_test"
"github.com/kapu/hololive-alarm-worker/internal/egress/youtubedispatch"	"github.com/kapu/hololive-shared/pkg/service/cache/mocks"	"same_package_test"
"github.com/kapu/hololive-alarm-worker/internal/egress/youtubedispatch"	"github.com/kapu/hololive-shared/pkg/service/database/mocks"	"same_package_test"
"github.com/kapu/hololive-alarm-worker/internal/egress/youtubedispatch"	"github.com/kapu/hololive-shared/pkg/service/delivery"	"same_package_test"
"github.com/kapu/hololive-alarm-worker/internal/egress/youtubedispatch"	"github.com/kapu/hololive-shared/pkg/service/messagestrings"	"same_package_test"
"github.com/kapu/hololive-alarm-worker/internal/egress/youtubedispatch"	"github.com/kapu/hololive-shared/pkg/service/sendoutcome"	"same_package_test"
"github.com/kapu/hololive-alarm-worker/internal/egress/youtubedispatch"	"github.com/kapu/hololive-shared/pkg/service/template"	"same_package_test"
"github.com/kapu/hololive-alarm-worker/internal/egress/youtubedispatch"	"github.com/kapu/hololive-shared/pkg/service/youtube/contentid"	"same_package_test"
"github.com/kapu/hololive-alarm-worker/internal/egress/youtubedispatch"	"github.com/kapu/hololive-shared/pkg/service/youtube/outbox/analytics"	"same_package_test"
"github.com/kapu/hololive-alarm-worker/internal/egress/youtubedispatch"	"github.com/kapu/hololive-shared/pkg/service/youtube/outbox/deliverysql"	"same_package_test"
"github.com/kapu/hololive-alarm-worker/internal/egress/youtubedispatch"	"github.com/kapu/hololive-shared/pkg/service/youtube/outbox/format"	"same_package_test"
"github.com/kapu/hololive-alarm-worker/internal/egress/youtubedispatch"	"github.com/kapu/hololive-shared/pkg/service/youtube/outbox/telemetry"	"same_package_test"
"github.com/kapu/hololive-alarm-worker/internal/egress/youtubedispatch"	"github.com/kapu/hololive-shared/pkg/service/youtube/outbox/timeline"	"same_package_test"
"github.com/kapu/hololive-alarm-worker/internal/egress/youtubedispatch"	"github.com/kapu/hololive-shared/pkg/service/youtube/tracking/observation"	"same_package_test"
"github.com/kapu/hololive-alarm-worker/internal/egress/youtubedispatch"	"github.com/kapu/hololive-shared/pkg/util"	"same_package_test"
"github.com/kapu/hololive-alarm-worker/internal/egress/youtubedispatch"	"github.com/kapu/hololive-alarm-worker/internal/egress/youtubedispatch"	"external_test"
"github.com/kapu/hololive-alarm-worker/internal/egress/youtubedispatch"	"github.com/kapu/hololive-alarm-worker/internal/service/youtube/outbox/dispatchstate"	"external_test"
"github.com/kapu/hololive-alarm-worker/internal/egress/youtubedispatch"	"github.com/kapu/hololive-dbtest"	"external_test"
"github.com/kapu/hololive-alarm-worker/internal/egress/youtubedispatch"	"github.com/kapu/hololive-shared/pkg/domain"	"external_test"
"github.com/kapu/hololive-alarm-worker/internal/egress/youtubedispatch"	"github.com/kapu/hololive-shared/pkg/service/cache"	"external_test"
"github.com/kapu/hololive-alarm-worker/internal/egress/youtubedispatch"	"github.com/kapu/hololive-shared/pkg/service/delivery"	"external_test"
"github.com/kapu/hololive-alarm-worker/internal/egress/youtubedispatch"	"github.com/kapu/hololive-shared/pkg/service/messagestrings"	"external_test"
"github.com/kapu/hololive-alarm-worker/internal/egress/youtubedispatch"	"github.com/kapu/hololive-shared/pkg/service/template"	"external_test"
"github.com/kapu/hololive-alarm-worker/internal/egress/youtubedispatch"	"github.com/kapu/hololive-shared/pkg/service/youtube/outbox/analytics"	"external_test"
"github.com/kapu/hololive-alarm-worker/internal/egress/youtubedispatch"	"github.com/kapu/hololive-shared/pkg/service/youtube/outbox/deliverysql"	"external_test"
"github.com/kapu/hololive-alarm-worker/internal/egress/youtubedispatch"	"github.com/kapu/hololive-shared/pkg/service/youtube/outbox/timeline"	"external_test"
"github.com/kapu/hololive-alarm-worker/internal/egress/youtubedispatch/lifecycle"	"github.com/kapu/hololive-shared/pkg/domain"	"production"
"github.com/kapu/hololive-alarm-worker/internal/egress/youtubedispatch/preparation"	"github.com/kapu/hololive-alarm-worker/internal/egress/youtubedispatch/lifecycle"	"production"
"github.com/kapu/hololive-alarm-worker/internal/egress/youtubedispatch/preparation"	"github.com/kapu/hololive-shared/pkg/domain"	"production"
"github.com/kapu/hololive-alarm-worker/internal/egress/youtubedispatch/preparation"	"github.com/kapu/hololive-shared/pkg/service/youtube/contentid"	"production"
"github.com/kapu/hololive-alarm-worker/internal/egress/youtubedispatch/preparation"	"github.com/kapu/hololive-alarm-worker/internal/egress/youtubedispatch/lifecycle"	"same_package_test"
"github.com/kapu/hololive-alarm-worker/internal/egress/youtubedispatch/preparation"	"github.com/kapu/hololive-shared/pkg/domain"	"same_package_test"
"github.com/kapu/hololive-alarm-worker/internal/egress/youtubedispatch/preparation"	"github.com/kapu/hololive-shared/pkg/service/youtube/contentid"	"same_package_test"
"github.com/kapu/hololive-alarm-worker/internal/egress/youtubedispatch/store"	"github.com/kapu/hololive-alarm-worker/internal/egress/youtubedispatch/lifecycle"	"production"
"github.com/kapu/hololive-alarm-worker/internal/egress/youtubedispatch/store"	"github.com/kapu/hololive-alarm-worker/internal/egress/youtubedispatch/preparation"	"production"
"github.com/kapu/hololive-alarm-worker/internal/egress/youtubedispatch/store"	"github.com/kapu/hololive-alarm-worker/internal/service/youtube/outbox/dispatchstate"	"production"
"github.com/kapu/hololive-alarm-worker/internal/egress/youtubedispatch/store"	"github.com/kapu/hololive-shared/pkg/dbx"	"production"
"github.com/kapu/hololive-alarm-worker/internal/egress/youtubedispatch/store"	"github.com/kapu/hololive-shared/pkg/domain"	"production"
"github.com/kapu/hololive-alarm-worker/internal/egress/youtubedispatch/store"	"github.com/kapu/hololive-shared/pkg/service/youtube/contentid"	"production"
"github.com/kapu/hololive-alarm-worker/internal/egress/youtubedispatch/store"	"github.com/kapu/hololive-shared/pkg/service/youtube/outbox/deliverysql"	"production"
"github.com/kapu/hololive-alarm-worker/internal/egress/youtubedispatch/store"	"github.com/kapu/hololive-shared/pkg/service/youtube/outbox/telemetry"	"production"
"github.com/kapu/hololive-alarm-worker/internal/egress/youtubedispatch/store"	"github.com/kapu/hololive-shared/pkg/service/youtube/outbox/timeline"	"production"
"github.com/kapu/hololive-alarm-worker/internal/egress/youtubedispatch/store"	"github.com/kapu/hololive-shared/pkg/service/youtube/tracking/observation"	"production"
"github.com/kapu/hololive-alarm-worker/internal/egress/youtubedispatch/store"	"github.com/kapu/hololive-shared/pkg/sqlassets"	"production"
"github.com/kapu/hololive-alarm-worker/internal/egress/youtubedispatch/store"	"github.com/kapu/hololive-alarm-worker/internal/egress/youtubedispatch/lifecycle"	"same_package_test"
"github.com/kapu/hololive-alarm-worker/internal/egress/youtubedispatch/store"	"github.com/kapu/hololive-dbtest"	"same_package_test"
"github.com/kapu/hololive-alarm-worker/internal/egress/youtubedispatch/store"	"github.com/kapu/hololive-shared/pkg/dbx"	"same_package_test"
"github.com/kapu/hololive-alarm-worker/internal/egress/youtubedispatch/store"	"github.com/kapu/hololive-shared/pkg/domain"	"same_package_test"
"github.com/kapu/hololive-alarm-worker/internal/egress/youtubedispatch/store"	"github.com/kapu/hololive-shared/pkg/service/youtube/contentid"	"same_package_test"
"github.com/kapu/hololive-alarm-worker/internal/egress/youtubedispatch/store"	"github.com/kapu/hololive-shared/pkg/service/youtube/outbox/deliverysql"	"same_package_test"
"github.com/kapu/hololive-alarm-worker/internal/readiness"	"github.com/kapu/hololive-shared/pkg/readiness"	"production"
"github.com/kapu/hololive-alarm-worker/internal/readiness"	"github.com/kapu/hololive-shared/pkg/readiness"	"same_package_test"
"github.com/kapu/hololive-alarm-worker/internal/readiness"	"github.com/kapu/hololive-shared/pkg/service/cache/mocks"	"same_package_test"
"github.com/kapu/hololive-alarm-worker/internal/readiness"	"github.com/kapu/hololive-shared/pkg/service/database/mocks"	"same_package_test"
"github.com/kapu/hololive-alarm-worker/internal/service/alarm/checker/checking"	"github.com/kapu/hololive-alarm-worker/internal/service/alarm/tier"	"production"
"github.com/kapu/hololive-alarm-worker/internal/service/alarm/checker/checking"	"github.com/kapu/hololive-shared/pkg/constants"	"production"
"github.com/kapu/hololive-alarm-worker/internal/service/alarm/checker/checking"	"github.com/kapu/hololive-shared/pkg/dbx"	"production"
"github.com/kapu/hololive-alarm-worker/internal/service/alarm/checker/checking"	"github.com/kapu/hololive-shared/pkg/domain"	"production"
"github.com/kapu/hololive-alarm-worker/internal/service/alarm/checker/checking"	"github.com/kapu/hololive-shared/pkg/domain/mekparkhost"	"production"
"github.com/kapu/hololive-alarm-worker/internal/service/alarm/checker/checking"	"github.com/kapu/hololive-shared/pkg/privacylog"	"production"
"github.com/kapu/hololive-alarm-worker/internal/service/alarm/checker/checking"	"github.com/kapu/hololive-shared/pkg/service/alarm"	"production"
"github.com/kapu/hololive-alarm-worker/internal/service/alarm/checker/checking"	"github.com/kapu/hololive-shared/pkg/service/alarm/checker"	"production"
"github.com/kapu/hololive-alarm-worker/internal/service/alarm/checker/checking"	"github.com/kapu/hololive-shared/pkg/service/alarm/dedup"	"production"
"github.com/kapu/hololive-alarm-worker/internal/service/alarm/checker/checking"	"github.com/kapu/hololive-shared/pkg/service/alarm/dispatchoutbox"	"production"
"github.com/kapu/hololive-alarm-worker/internal/service/alarm/checker/checking"	"github.com/kapu/hololive-shared/pkg/service/alarm/keys"	"production"
"github.com/kapu/hololive-alarm-worker/internal/service/alarm/checker/checking"	"github.com/kapu/hololive-shared/pkg/service/cache"	"production"
"github.com/kapu/hololive-alarm-worker/internal/service/alarm/checker/checking"	"github.com/kapu/hololive-shared/pkg/service/database"	"production"
"github.com/kapu/hololive-alarm-worker/internal/service/alarm/checker/checking"	"github.com/kapu/hololive-shared/pkg/service/delivery"	"production"
"github.com/kapu/hololive-alarm-worker/internal/service/alarm/checker/checking"	"github.com/kapu/hololive-shared/pkg/service/holodex/provider"	"production"
"github.com/kapu/hololive-alarm-worker/internal/service/alarm/checker/checking"	"github.com/kapu/hololive-shared/pkg/sqlassets"	"production"
"github.com/kapu/hololive-alarm-worker/internal/service/alarm/checker/checking"	"github.com/kapu/hololive-alarm-worker/internal/service/alarm/tier"	"same_package_test"
"github.com/kapu/hololive-alarm-worker/internal/service/alarm/checker/checking"	"github.com/kapu/hololive-dbtest"	"same_package_test"
"github.com/kapu/hololive-alarm-worker/internal/service/alarm/checker/checking"	"github.com/kapu/hololive-shared/pkg/constants"	"same_package_test"
"github.com/kapu/hololive-alarm-worker/internal/service/alarm/checker/checking"	"github.com/kapu/hololive-shared/pkg/dbx"	"same_package_test"
"github.com/kapu/hololive-alarm-worker/internal/service/alarm/checker/checking"	"github.com/kapu/hololive-shared/pkg/domain"	"same_package_test"
"github.com/kapu/hololive-alarm-worker/internal/service/alarm/checker/checking"	"github.com/kapu/hololive-shared/pkg/service/alarm"	"same_package_test"
"github.com/kapu/hololive-alarm-worker/internal/service/alarm/checker/checking"	"github.com/kapu/hololive-shared/pkg/service/alarm/checker"	"same_package_test"
"github.com/kapu/hololive-alarm-worker/internal/service/alarm/checker/checking"	"github.com/kapu/hololive-shared/pkg/service/alarm/dedup"	"same_package_test"
"github.com/kapu/hololive-alarm-worker/internal/service/alarm/checker/checking"	"github.com/kapu/hololive-shared/pkg/service/alarm/dispatchoutbox"	"same_package_test"
"github.com/kapu/hololive-alarm-worker/internal/service/alarm/checker/checking"	"github.com/kapu/hololive-shared/pkg/service/alarm/keys"	"same_package_test"
"github.com/kapu/hololive-alarm-worker/internal/service/alarm/checker/checking"	"github.com/kapu/hololive-shared/pkg/service/cache"	"same_package_test"
"github.com/kapu/hololive-alarm-worker/internal/service/alarm/checker/checking"	"github.com/kapu/hololive-shared/pkg/service/cache/mocks"	"same_package_test"
"github.com/kapu/hololive-alarm-worker/internal/service/alarm/checker/checking"	"github.com/kapu/hololive-shared/pkg/service/database/mocks"	"same_package_test"
"github.com/kapu/hololive-alarm-worker/internal/service/alarm/checker/checking"	"github.com/kapu/hololive-shared/pkg/service/holodex/provider"	"same_package_test"
"github.com/kapu/hololive-alarm-worker/internal/service/alarm/checker/checking/notifier"	"github.com/kapu/hololive-alarm-worker/internal/service/alarm/checker/checking"	"production"
"github.com/kapu/hololive-alarm-worker/internal/service/alarm/checker/checking/notifier"	"github.com/kapu/hololive-alarm-worker/internal/service/alarm/tier"	"production"
"github.com/kapu/hololive-alarm-worker/internal/service/alarm/checker/checking/notifier"	"github.com/kapu/hololive-shared/pkg/constants"	"production"
"github.com/kapu/hololive-alarm-worker/internal/service/alarm/checker/checking/notifier"	"github.com/kapu/hololive-shared/pkg/domain"	"production"
"github.com/kapu/hololive-alarm-worker/internal/service/alarm/checker/checking/notifier"	"github.com/kapu/hololive-shared/pkg/privacylog"	"production"
"github.com/kapu/hololive-alarm-worker/internal/service/alarm/checker/checking/notifier"	"github.com/kapu/hololive-shared/pkg/service/alarm/dedup"	"production"
"github.com/kapu/hololive-alarm-worker/internal/service/alarm/checker/checking/notifier"	"github.com/kapu/hololive-shared/pkg/service/alarm/dispatchoutbox"	"production"
"github.com/kapu/hololive-alarm-worker/internal/service/alarm/checker/checking/notifier"	"github.com/kapu/hololive-shared/pkg/service/alarm/keys"	"production"
"github.com/kapu/hololive-alarm-worker/internal/service/alarm/checker/checking/notifier"	"github.com/kapu/hololive-shared/pkg/service/alarm/queue"	"production"
"github.com/kapu/hololive-alarm-worker/internal/service/alarm/checker/checking/notifier"	"github.com/kapu/hololive-shared/pkg/service/delivery"	"production"
"github.com/kapu/hololive-alarm-worker/internal/service/alarm/checker/checking/notifier"	"github.com/kapu/hololive-alarm-worker/internal/service/alarm/tier"	"same_package_test"
"github.com/kapu/hololive-alarm-worker/internal/service/alarm/checker/checking/notifier"	"github.com/kapu/hololive-dbtest"	"same_package_test"
"github.com/kapu/hololive-alarm-worker/internal/service/alarm/checker/checking/notifier"	"github.com/kapu/hololive-shared/pkg/constants"	"same_package_test"
"github.com/kapu/hololive-alarm-worker/internal/service/alarm/checker/checking/notifier"	"github.com/kapu/hololive-shared/pkg/contracts/alarm"	"same_package_test"
"github.com/kapu/hololive-alarm-worker/internal/service/alarm/checker/checking/notifier"	"github.com/kapu/hololive-shared/pkg/domain"	"same_package_test"
"github.com/kapu/hololive-alarm-worker/internal/service/alarm/checker/checking/notifier"	"github.com/kapu/hololive-shared/pkg/service/alarm/dedup"	"same_package_test"
"github.com/kapu/hololive-alarm-worker/internal/service/alarm/checker/checking/notifier"	"github.com/kapu/hololive-shared/pkg/service/alarm/dispatchoutbox"	"same_package_test"
"github.com/kapu/hololive-alarm-worker/internal/service/alarm/checker/checking/notifier"	"github.com/kapu/hololive-shared/pkg/service/alarm/keys"	"same_package_test"
"github.com/kapu/hololive-alarm-worker/internal/service/alarm/checker/checking/notifier"	"github.com/kapu/hololive-shared/pkg/service/alarm/queue"	"same_package_test"
"github.com/kapu/hololive-alarm-worker/internal/service/alarm/checker/checking/notifier"	"github.com/kapu/hololive-shared/pkg/service/cache"	"same_package_test"
"github.com/kapu/hololive-alarm-worker/internal/service/alarm/checker/checking/notifier"	"github.com/kapu/hololive-shared/pkg/service/cache/mocks"	"same_package_test"
"github.com/kapu/hololive-alarm-worker/internal/service/alarm/checker/checking/notifier"	"github.com/kapu/hololive-shared/pkg/service/delivery"	"same_package_test"
"github.com/kapu/hololive-alarm-worker/internal/service/alarm/checker/checking/notifier"	"github.com/kapu/hololive-shared/pkg/testutil"	"same_package_test"
"github.com/kapu/hololive-alarm-worker/internal/service/alarm/scheduler"	"github.com/kapu/hololive-alarm-worker/internal/service/alarm/checker/checking"	"production"
"github.com/kapu/hololive-alarm-worker/internal/service/alarm/scheduler"	"github.com/kapu/hololive-alarm-worker/internal/service/alarm/checker/checking/notifier"	"production"
"github.com/kapu/hololive-alarm-worker/internal/service/alarm/scheduler"	"github.com/kapu/hololive-alarm-worker/internal/service/alarm/tier"	"production"
"github.com/kapu/hololive-alarm-worker/internal/service/alarm/scheduler"	"github.com/kapu/hololive-shared/pkg/config/settings"	"production"
"github.com/kapu/hololive-alarm-worker/internal/service/alarm/scheduler"	"github.com/kapu/hololive-shared/pkg/dbx"	"production"
"github.com/kapu/hololive-alarm-worker/internal/service/alarm/scheduler"	"github.com/kapu/hololive-shared/pkg/domain"	"production"
"github.com/kapu/hololive-alarm-worker/internal/service/alarm/scheduler"	"github.com/kapu/hololive-shared/pkg/service/alarm/checker"	"production"
"github.com/kapu/hololive-alarm-worker/internal/service/alarm/scheduler"	"github.com/kapu/hololive-shared/pkg/service/alarm/dedup"	"production"
"github.com/kapu/hololive-alarm-worker/internal/service/alarm/scheduler"	"github.com/kapu/hololive-shared/pkg/service/alarm/dispatchoutbox"	"production"
"github.com/kapu/hololive-alarm-worker/internal/service/alarm/scheduler"	"github.com/kapu/hololive-shared/pkg/service/alarm/keys"	"production"
"github.com/kapu/hololive-alarm-worker/internal/service/alarm/scheduler"	"github.com/kapu/hololive-shared/pkg/service/alarm/queue"	"production"
"github.com/kapu/hololive-alarm-worker/internal/service/alarm/scheduler"	"github.com/kapu/hololive-shared/pkg/service/cache"	"production"
"github.com/kapu/hololive-alarm-worker/internal/service/alarm/scheduler"	"github.com/kapu/hololive-shared/pkg/service/database"	"production"
"github.com/kapu/hololive-alarm-worker/internal/service/alarm/scheduler"	"github.com/kapu/hololive-shared/pkg/service/holodex/provider"	"production"
"github.com/kapu/hololive-alarm-worker/internal/service/alarm/scheduler"	"github.com/kapu/hololive-shared/pkg/domain"	"same_package_test"
"github.com/kapu/hololive-alarm-worker/internal/service/alarm/scheduler"	"github.com/kapu/hololive-shared/pkg/service/alarm"	"same_package_test"
"github.com/kapu/hololive-alarm-worker/internal/service/alarm/scheduler"	"github.com/kapu/hololive-shared/pkg/service/alarm/checker"	"same_package_test"
"github.com/kapu/hololive-alarm-worker/internal/service/alarm/scheduler"	"github.com/kapu/hololive-shared/pkg/service/alarm/keys"	"same_package_test"
"github.com/kapu/hololive-alarm-worker/internal/service/alarm/scheduler"	"github.com/kapu/hololive-shared/pkg/service/cache"	"same_package_test"
"github.com/kapu/hololive-alarm-worker/internal/service/alarm/scheduler"	"github.com/kapu/hololive-shared/pkg/service/cache/mocks"	"same_package_test"
"github.com/kapu/hololive-alarm-worker/internal/service/alarm/scheduler"	"github.com/kapu/hololive-shared/pkg/service/delivery"	"same_package_test"
"github.com/kapu/hololive-alarm-worker/internal/service/alarm/scheduler"	"github.com/kapu/hololive-shared/pkg/service/notification/alarmservice"	"same_package_test"
"github.com/kapu/hololive-alarm-worker/internal/service/alarm/tier"	"github.com/kapu/hololive-shared/pkg/constants"	"production"
"github.com/kapu/hololive-alarm-worker/internal/service/alarm/tier"	"github.com/kapu/hololive-shared/pkg/domain"	"production"
"github.com/kapu/hololive-alarm-worker/internal/service/alarm/tier"	"github.com/kapu/hololive-shared/pkg/constants"	"same_package_test"
"github.com/kapu/hololive-alarm-worker/internal/service/alarm/tier"	"github.com/kapu/hololive-shared/pkg/domain"	"same_package_test"
"github.com/kapu/hololive-alarm-worker/internal/service/celebration"	"github.com/kapu/hololive-shared/pkg/contracts/alarm"	"production"
"github.com/kapu/hololive-alarm-worker/internal/service/celebration"	"github.com/kapu/hololive-shared/pkg/domain"	"production"
"github.com/kapu/hololive-alarm-worker/internal/service/celebration"	"github.com/kapu/hololive-shared/pkg/service/alarm/dispatchoutbox"	"production"
"github.com/kapu/hololive-alarm-worker/internal/service/celebration"	"github.com/kapu/hololive-shared/pkg/sqlassets"	"production"
"github.com/kapu/hololive-alarm-worker/internal/service/celebration"	"github.com/kapu/hololive-shared/pkg/util"	"production"
"github.com/kapu/hololive-alarm-worker/internal/service/celebration"	"github.com/kapu/hololive-dbtest"	"same_package_test"
"github.com/kapu/hololive-alarm-worker/internal/service/celebration"	"github.com/kapu/hololive-shared/pkg/domain"	"same_package_test"
"github.com/kapu/hololive-alarm-worker/internal/service/celebration"	"github.com/kapu/hololive-shared/pkg/service/alarm/dispatchoutbox"	"same_package_test"
"github.com/kapu/hololive-alarm-worker/internal/service/dispatchrun"	"github.com/kapu/hololive-alarm-worker/internal/egress/youtubedispatch"	"production"
"github.com/kapu/hololive-alarm-worker/internal/service/dispatchrun"	"github.com/kapu/hololive-shared/pkg/config/settings/alarmworker"	"production"
"github.com/kapu/hololive-alarm-worker/internal/service/dispatchrun"	"github.com/kapu/hololive-shared/pkg/domain"	"production"
"github.com/kapu/hololive-alarm-worker/internal/service/dispatchrun"	"github.com/kapu/hololive-shared/pkg/domain/mekparkhost"	"production"
"github.com/kapu/hololive-alarm-worker/internal/service/dispatchrun"	"github.com/kapu/hololive-shared/pkg/pgxutil"	"production"
"github.com/kapu/hololive-alarm-worker/internal/service/dispatchrun"	"github.com/kapu/hololive-shared/pkg/providers/modules"	"production"
"github.com/kapu/hololive-alarm-worker/internal/service/dispatchrun"	"github.com/kapu/hololive-shared/pkg/service/alarm/dispatchoutbox"	"production"
"github.com/kapu/hololive-alarm-worker/internal/service/dispatchrun"	"github.com/kapu/hololive-shared/pkg/service/alarm/queue"	"production"
"github.com/kapu/hololive-alarm-worker/internal/service/dispatchrun"	"github.com/kapu/hololive-shared/pkg/service/cache"	"production"
"github.com/kapu/hololive-alarm-worker/internal/service/dispatchrun"	"github.com/kapu/hololive-shared/pkg/service/messagestrings"	"production"
"github.com/kapu/hololive-alarm-worker/internal/service/dispatchrun"	"github.com/kapu/hololive-shared/pkg/service/officialidentity"	"production"
"github.com/kapu/hololive-alarm-worker/internal/service/dispatchrun"	"github.com/kapu/hololive-shared/pkg/service/sendoutcome"	"production"
"github.com/kapu/hololive-alarm-worker/internal/service/dispatchrun"	"github.com/kapu/hololive-shared/pkg/service/shortlink"	"production"
"github.com/kapu/hololive-alarm-worker/internal/service/dispatchrun"	"github.com/kapu/hololive-shared/pkg/service/template"	"production"
"github.com/kapu/hololive-alarm-worker/internal/service/dispatchrun"	"github.com/kapu/hololive-shared/pkg/sqlassets"	"production"
"github.com/kapu/hololive-alarm-worker/internal/service/dispatchrun"	"github.com/kapu/hololive-shared/pkg/util"	"production"
"github.com/kapu/hololive-alarm-worker/internal/service/dispatchrun"	"github.com/kapu/hololive-alarm-worker/internal/egress"	"same_package_test"
"github.com/kapu/hololive-alarm-worker/internal/service/dispatchrun"	"github.com/kapu/hololive-dbtest"	"same_package_test"
"github.com/kapu/hololive-alarm-worker/internal/service/dispatchrun"	"github.com/kapu/hololive-shared/pkg/domain"	"same_package_test"
"github.com/kapu/hololive-alarm-worker/internal/service/dispatchrun"	"github.com/kapu/hololive-shared/pkg/service/alarm/dispatchoutbox"	"same_package_test"
"github.com/kapu/hololive-alarm-worker/internal/service/dispatchrun"	"github.com/kapu/hololive-shared/pkg/service/messagestrings"	"same_package_test"
"github.com/kapu/hololive-alarm-worker/internal/service/dispatchrun"	"github.com/kapu/hololive-shared/pkg/service/sendoutcome"	"same_package_test"
"github.com/kapu/hololive-alarm-worker/internal/service/dispatchrun"	"github.com/kapu/hololive-shared/pkg/service/shortlink"	"same_package_test"
"github.com/kapu/hololive-alarm-worker/internal/service/dispatchrun"	"github.com/kapu/hololive-shared/pkg/service/template"	"same_package_test"
"github.com/kapu/hololive-alarm-worker/internal/service/dispatchrun"	"github.com/kapu/hololive-shared/pkg/util"	"same_package_test"
"github.com/kapu/hololive-alarm-worker/internal/service/workerruntime"	"github.com/kapu/hololive-alarm-worker/internal/egress/youtubedispatch"	"production"
"github.com/kapu/hololive-alarm-worker/internal/service/workerruntime"	"github.com/kapu/hololive-shared/pkg/applifecycle"	"production"
"github.com/kapu/hololive-alarm-worker/internal/service/workerruntime"	"github.com/kapu/hololive-shared/pkg/config/settings"	"production"
"github.com/kapu/hololive-alarm-worker/internal/service/workerruntime"	"github.com/kapu/hololive-shared/pkg/server/httpserver"	"production"
"github.com/kapu/hololive-alarm-worker/internal/service/xspaces"	"github.com/kapu/hololive-shared/pkg/contracts/alarm"	"production"
"github.com/kapu/hololive-alarm-worker/internal/service/xspaces"	"github.com/kapu/hololive-shared/pkg/domain"	"production"
"github.com/kapu/hololive-alarm-worker/internal/service/xspaces"	"github.com/kapu/hololive-shared/pkg/service/alarm/dispatchoutbox"	"production"
"github.com/kapu/hololive-alarm-worker/internal/service/xspaces"	"github.com/kapu/hololive-shared/pkg/service/xspaces"	"production"
"github.com/kapu/hololive-alarm-worker/internal/service/xspaces"	"github.com/kapu/hololive-shared/pkg/sqlassets"	"production"
"github.com/kapu/hololive-alarm-worker/internal/service/xspaces"	"github.com/kapu/hololive-dbtest"	"same_package_test"
"github.com/kapu/hololive-alarm-worker/internal/service/xspaces"	"github.com/kapu/hololive-shared/pkg/domain"	"same_package_test"
"github.com/kapu/hololive-alarm-worker/internal/service/xspaces"	"github.com/kapu/hololive-shared/pkg/service/alarm/dispatchoutbox"	"same_package_test"
"github.com/kapu/hololive-alarm-worker/internal/service/xspaces"	"github.com/kapu/hololive-shared/pkg/service/xspaces"	"same_package_test"
"github.com/kapu/hololive-alarm-worker/internal/service/youtube/outbox/dispatchstate"	"github.com/kapu/hololive-shared/pkg/domain"	"production"
"github.com/kapu/hololive-alarm-worker/internal/service/youtube/outbox/dispatchstate"	"github.com/kapu/hololive-shared/pkg/service/youtube/timestamp"	"production"
"github.com/kapu/hololive-api/cmd/db-migrate"	"github.com/kapu/hololive-api/internal/migrationrunner"	"production"
"github.com/kapu/hololive-api/cmd/db-migrate"	"github.com/kapu/hololive-api/scripts/migrations"	"production"
"github.com/kapu/hololive-api/cmd/db-migrate"	"github.com/kapu/hololive-shared/pkg/sqlassets"	"production"
"github.com/kapu/hololive-api/cmd/hololive-api"	"github.com/kapu/hololive-api/internal/fxapp"	"production"
"github.com/kapu/hololive-api/cmd/hololive-api"	"github.com/kapu/hololive-shared/pkg/config/settings"	"production"
"github.com/kapu/hololive-api/cmd/hololive-api"	"github.com/kapu/hololive-shared/pkg/config/settings/apiplane"	"production"
"github.com/kapu/hololive-api/cmd/hololive-api"	"github.com/kapu/hololive-shared/pkg/constants"	"production"
"github.com/kapu/hololive-api/cmd/hololive-api"	"github.com/kapu/hololive-shared/pkg/config/settings"	"same_package_test"
"github.com/kapu/hololive-api/cmd/hololive-api"	"github.com/kapu/hololive-shared/pkg/config/settings/apiplane"	"same_package_test"
"github.com/kapu/hololive-api/cmd/source-observation-replay-epoch"	"github.com/kapu/hololive-shared/pkg/config/settings"	"production"
"github.com/kapu/hololive-api/cmd/source-observation-replay-epoch"	"github.com/kapu/hololive-shared/pkg/providers"	"production"
"github.com/kapu/hololive-api/cmd/source-observation-replay-epoch"	"github.com/kapu/hololive-shared/pkg/service/youtube/sourceobservation"	"production"
"github.com/kapu/hololive-api/internal/app"	"github.com/kapu/hololive-api/internal/planes/admin/app"	"production"
"github.com/kapu/hololive-api/internal/app"	"github.com/kapu/hololive-api/internal/planes/bot/runtime"	"production"
"github.com/kapu/hololive-api/internal/app"	"github.com/kapu/hololive-api/internal/planes/llm/runtime"	"production"
"github.com/kapu/hololive-api/internal/app"	"github.com/kapu/hololive-api/internal/planes/youtube/runtime"	"production"
"github.com/kapu/hololive-api/internal/app"	"github.com/kapu/hololive-shared/pkg/applifecycle"	"production"
"github.com/kapu/hololive-api/internal/app"	"github.com/kapu/hololive-shared/pkg/config/settings/apiplane"	"production"
"github.com/kapu/hololive-api/internal/app"	"github.com/kapu/hololive-shared/pkg/applifecycle"	"same_package_test"
"github.com/kapu/hololive-api/internal/fxapp"	"github.com/kapu/hololive-api/internal/app"	"production"
"github.com/kapu/hololive-api/internal/fxapp"	"github.com/kapu/hololive-shared/pkg/config/settings/apiplane"	"production"
"github.com/kapu/hololive-api/internal/fxapp"	"github.com/kapu/hololive-shared/pkg/constants"	"production"
"github.com/kapu/hololive-api/internal/fxapp"	"github.com/kapu/hololive-shared/pkg/config/settings"	"same_package_test"
"github.com/kapu/hololive-api/internal/fxapp"	"github.com/kapu/hololive-shared/pkg/config/settings/apiplane"	"same_package_test"
"github.com/kapu/hololive-api/internal/migrationrunner"	"github.com/kapu/hololive-shared/pkg/pgxutil"	"production"
"github.com/kapu/hololive-api/internal/migrationrunner"	"github.com/kapu/hololive-shared/pkg/sqlsplit"	"production"
"github.com/kapu/hololive-api/internal/migrationrunner"	"github.com/kapu/hololive-api/scripts/migrations"	"same_package_test"
"github.com/kapu/hololive-api/internal/migrationrunner"	"github.com/kapu/hololive-dbtest"	"same_package_test"
"github.com/kapu/hololive-api/internal/planes/admin/app"	"github.com/kapu/hololive-api/internal/planes/admin/app/http"	"production"
"github.com/kapu/hololive-api/internal/planes/admin/app"	"github.com/kapu/hololive-api/internal/planes/admin/internal/client/botrooms"	"production"
"github.com/kapu/hololive-api/internal/planes/admin/app"	"github.com/kapu/hololive-api/internal/planes/admin/internal/client/trigger"	"production"
"github.com/kapu/hololive-api/internal/planes/admin/app"	"github.com/kapu/hololive-api/internal/planes/admin/internal/server/api"	"production"
"github.com/kapu/hololive-api/internal/planes/admin/app"	"github.com/kapu/hololive-api/internal/planes/admin/internal/service/auth"	"production"
"github.com/kapu/hololive-api/internal/planes/admin/app"	"github.com/kapu/hololive-api/internal/planes/admin/internal/service/dispatchops"	"production"
"github.com/kapu/hololive-api/internal/planes/admin/app"	"github.com/kapu/hololive-api/internal/planes/admin/internal/service/system"	"production"
"github.com/kapu/hololive-api/internal/planes/admin/app"	"github.com/kapu/hololive-api/internal/server/settings"	"production"
"github.com/kapu/hololive-api/internal/planes/admin/app"	"github.com/kapu/hololive-api/internal/service/acl"	"production"
"github.com/kapu/hololive-api/internal/planes/admin/app"	"github.com/kapu/hololive-api/internal/service/activity"	"production"
"github.com/kapu/hololive-api/internal/planes/admin/app"	"github.com/kapu/hololive-shared/pkg/applifecycle"	"production"
"github.com/kapu/hololive-api/internal/planes/admin/app"	"github.com/kapu/hololive-shared/pkg/config/settings"	"production"
"github.com/kapu/hololive-api/internal/planes/admin/app"	"github.com/kapu/hololive-shared/pkg/domain"	"production"
"github.com/kapu/hololive-api/internal/planes/admin/app"	"github.com/kapu/hololive-shared/pkg/providers"	"production"
"github.com/kapu/hololive-api/internal/planes/admin/app"	"github.com/kapu/hololive-shared/pkg/providers/modules"	"production"
"github.com/kapu/hololive-api/internal/planes/admin/app"	"github.com/kapu/hololive-shared/pkg/readiness"	"production"
"github.com/kapu/hololive-api/internal/planes/admin/app"	"github.com/kapu/hololive-shared/pkg/repository"	"production"
"github.com/kapu/hololive-api/internal/planes/admin/app"	"github.com/kapu/hololive-shared/pkg/server/httpserver"	"production"
"github.com/kapu/hololive-api/internal/planes/admin/app"	"github.com/kapu/hololive-shared/pkg/service/alarm"	"production"
"github.com/kapu/hololive-api/internal/planes/admin/app"	"github.com/kapu/hololive-shared/pkg/service/holodex/provider"	"production"
"github.com/kapu/hololive-api/internal/planes/admin/app"	"github.com/kapu/hololive-shared/pkg/service/internalhttp"	"production"
"github.com/kapu/hololive-api/internal/planes/admin/app"	"github.com/kapu/hololive-shared/pkg/service/settings"	"production"
"github.com/kapu/hololive-api/internal/planes/admin/app"	"github.com/kapu/hololive-shared/pkg/service/template"	"production"
"github.com/kapu/hololive-api/internal/planes/admin/app"	"github.com/kapu/hololive-shared/pkg/service/xspaces"	"production"
"github.com/kapu/hololive-api/internal/planes/admin/app"	"github.com/kapu/hololive-shared/pkg/service/youtube/outbox/telemetry"	"production"
"github.com/kapu/hololive-api/internal/planes/admin/app"	"github.com/kapu/hololive-api/internal/planes/admin/app/http"	"same_package_test"
"github.com/kapu/hololive-api/internal/planes/admin/app"	"github.com/kapu/hololive-api/internal/planes/admin/internal/server/api"	"same_package_test"
"github.com/kapu/hololive-api/internal/planes/admin/app"	"github.com/kapu/hololive-api/internal/planes/admin/internal/service/auth"	"same_package_test"
"github.com/kapu/hololive-api/internal/planes/admin/app"	"github.com/kapu/hololive-api/internal/server/settings"	"same_package_test"
"github.com/kapu/hololive-api/internal/planes/admin/app"	"github.com/kapu/hololive-dbtest"	"same_package_test"
"github.com/kapu/hololive-api/internal/planes/admin/app"	"github.com/kapu/hololive-shared/pkg/config/settings"	"same_package_test"
"github.com/kapu/hololive-api/internal/planes/admin/app"	"github.com/kapu/hololive-shared/pkg/contracts/common"	"same_package_test"
"github.com/kapu/hololive-api/internal/planes/admin/app"	"github.com/kapu/hololive-shared/pkg/providers/modules"	"same_package_test"
"github.com/kapu/hololive-api/internal/planes/admin/app"	"github.com/kapu/hololive-shared/pkg/service/cache/mocks"	"same_package_test"
"github.com/kapu/hololive-api/internal/planes/admin/app"	"github.com/kapu/hololive-shared/pkg/service/database/mocks"	"same_package_test"
"github.com/kapu/hololive-api/internal/planes/admin/app"	"github.com/kapu/hololive-shared/pkg/service/member"	"same_package_test"
"github.com/kapu/hololive-api/internal/planes/admin/app"	"github.com/kapu/hololive-shared/pkg/testutil"	"same_package_test"
"github.com/kapu/hololive-api/internal/planes/admin/app/http"	"github.com/kapu/hololive-api/internal/planes/admin/internal/server/api"	"production"
"github.com/kapu/hololive-api/internal/planes/admin/app/http"	"github.com/kapu/hololive-api/internal/readiness"	"production"
"github.com/kapu/hololive-api/internal/planes/admin/app/http"	"github.com/kapu/hololive-shared/pkg/config/settings"	"production"
"github.com/kapu/hololive-api/internal/planes/admin/app/http"	"github.com/kapu/hololive-shared/pkg/constants"	"production"
"github.com/kapu/hololive-api/internal/planes/admin/app/http"	"github.com/kapu/hololive-shared/pkg/readiness"	"production"
"github.com/kapu/hololive-api/internal/planes/admin/app/http"	"github.com/kapu/hololive-shared/pkg/server/httpserver"	"production"
"github.com/kapu/hololive-api/internal/planes/admin/app/http"	"github.com/kapu/hololive-shared/pkg/server/middleware"	"production"
"github.com/kapu/hololive-api/internal/planes/admin/app/http"	"github.com/kapu/hololive-shared/pkg/service/cache"	"production"
"github.com/kapu/hololive-api/internal/planes/admin/app/http"	"github.com/kapu/hololive-shared/pkg/service/ratelimit"	"production"
"github.com/kapu/hololive-api/internal/planes/admin/app/http"	"github.com/kapu/hololive-api/internal/planes/admin/internal/server/api"	"same_package_test"
"github.com/kapu/hololive-api/internal/planes/admin/app/http"	"github.com/kapu/hololive-shared/pkg/config/settings"	"same_package_test"
"github.com/kapu/hololive-api/internal/planes/admin/app/http"	"github.com/kapu/hololive-shared/pkg/contracts/common"	"same_package_test"
"github.com/kapu/hololive-api/internal/planes/admin/app/http"	"github.com/kapu/hololive-shared/pkg/server/middleware"	"same_package_test"
"github.com/kapu/hololive-api/internal/planes/admin/app/http"	"github.com/kapu/hololive-shared/pkg/service/ratelimit"	"same_package_test"
"github.com/kapu/hololive-api/internal/planes/admin/app/http"	"github.com/kapu/hololive-shared/pkg/testutil"	"same_package_test"
"github.com/kapu/hololive-api/internal/planes/admin/internal/client/botrooms"	"github.com/kapu/hololive-shared/pkg/contracts/irisrooms"	"production"
"github.com/kapu/hololive-api/internal/planes/admin/internal/client/botrooms"	"github.com/kapu/hololive-shared/pkg/service/internalhttp"	"production"
"github.com/kapu/hololive-api/internal/planes/admin/internal/client/botrooms"	"github.com/kapu/hololive-shared/pkg/contracts/common"	"same_package_test"
"github.com/kapu/hololive-api/internal/planes/admin/internal/client/botrooms"	"github.com/kapu/hololive-shared/pkg/contracts/irisrooms"	"same_package_test"
"github.com/kapu/hololive-api/internal/planes/admin/internal/client/trigger"	"github.com/kapu/hololive-shared/pkg/contracts/trigger"	"production"
"github.com/kapu/hololive-api/internal/planes/admin/internal/client/trigger"	"github.com/kapu/hololive-shared/pkg/service/internalhttp"	"production"
"github.com/kapu/hololive-api/internal/planes/admin/internal/client/trigger"	"github.com/kapu/hololive-shared/pkg/contracts/common"	"same_package_test"
"github.com/kapu/hololive-api/internal/planes/admin/internal/client/trigger"	"github.com/kapu/hololive-shared/pkg/contracts/trigger"	"same_package_test"
"github.com/kapu/hololive-api/internal/planes/admin/internal/server/api"	"github.com/kapu/hololive-api/internal/planes/admin/internal/service/auth"	"production"
"github.com/kapu/hololive-api/internal/planes/admin/internal/server/api"	"github.com/kapu/hololive-api/internal/planes/admin/internal/service/dispatchops"	"production"
"github.com/kapu/hololive-api/internal/planes/admin/internal/server/api"	"github.com/kapu/hololive-api/internal/planes/admin/internal/service/system"	"production"
"github.com/kapu/hololive-api/internal/planes/admin/internal/server/api"	"github.com/kapu/hololive-api/internal/server/settings"	"production"
"github.com/kapu/hololive-api/internal/planes/admin/internal/server/api"	"github.com/kapu/hololive-api/internal/service/acl"	"production"
"github.com/kapu/hololive-api/internal/planes/admin/internal/server/api"	"github.com/kapu/hololive-api/internal/service/activity"	"production"
"github.com/kapu/hololive-api/internal/planes/admin/internal/server/api"	"github.com/kapu/hololive-shared/pkg/constants"	"production"
"github.com/kapu/hololive-api/internal/planes/admin/internal/server/api"	"github.com/kapu/hololive-shared/pkg/contracts/alarm"	"production"
"github.com/kapu/hololive-api/internal/planes/admin/internal/server/api"	"github.com/kapu/hololive-shared/pkg/contracts/settings"	"production"
"github.com/kapu/hololive-api/internal/planes/admin/internal/server/api"	"github.com/kapu/hololive-shared/pkg/contracts/trigger"	"production"
"github.com/kapu/hololive-api/internal/planes/admin/internal/server/api"	"github.com/kapu/hololive-shared/pkg/domain"	"production"
"github.com/kapu/hololive-api/internal/planes/admin/internal/server/api"	"github.com/kapu/hololive-shared/pkg/server/httpserver"	"production"
"github.com/kapu/hololive-api/internal/planes/admin/internal/server/api"	"github.com/kapu/hololive-shared/pkg/service/alarm/checker"	"production"
"github.com/kapu/hololive-api/internal/planes/admin/internal/server/api"	"github.com/kapu/hololive-shared/pkg/service/holodex/provider"	"production"
"github.com/kapu/hololive-api/internal/planes/admin/internal/server/api"	"github.com/kapu/hololive-shared/pkg/service/member"	"production"
"github.com/kapu/hololive-api/internal/planes/admin/internal/server/api"	"github.com/kapu/hololive-shared/pkg/service/settings"	"production"
"github.com/kapu/hololive-api/internal/planes/admin/internal/server/api"	"github.com/kapu/hololive-shared/pkg/service/template"	"production"
"github.com/kapu/hololive-api/internal/planes/admin/internal/server/api"	"github.com/kapu/hololive-shared/pkg/service/xspaces"	"production"
"github.com/kapu/hololive-api/internal/planes/admin/internal/server/api"	"github.com/kapu/hololive-shared/pkg/service/youtube/outbox/analytics"	"production"
"github.com/kapu/hololive-api/internal/planes/admin/internal/server/api"	"github.com/kapu/hololive-shared/pkg/service/youtube/outbox/telemetry"	"production"
"github.com/kapu/hololive-api/internal/planes/admin/internal/server/api"	"github.com/kapu/hololive-shared/pkg/util"	"production"
"github.com/kapu/hololive-api/internal/planes/admin/internal/server/api"	"github.com/kapu/hololive-api/internal/planes/admin/internal/service/auth"	"same_package_test"
"github.com/kapu/hololive-api/internal/planes/admin/internal/server/api"	"github.com/kapu/hololive-api/internal/planes/admin/internal/service/dispatchops"	"same_package_test"
"github.com/kapu/hololive-api/internal/planes/admin/internal/server/api"	"github.com/kapu/hololive-api/internal/planes/admin/internal/service/system"	"same_package_test"
"github.com/kapu/hololive-api/internal/planes/admin/internal/server/api"	"github.com/kapu/hololive-api/internal/server/settings"	"same_package_test"
"github.com/kapu/hololive-api/internal/planes/admin/internal/server/api"	"github.com/kapu/hololive-api/internal/service/acl"	"same_package_test"
"github.com/kapu/hololive-api/internal/planes/admin/internal/server/api"	"github.com/kapu/hololive-api/internal/service/activity"	"same_package_test"
"github.com/kapu/hololive-api/internal/planes/admin/internal/server/api"	"github.com/kapu/hololive-dbtest"	"same_package_test"
"github.com/kapu/hololive-api/internal/planes/admin/internal/server/api"	"github.com/kapu/hololive-shared/pkg/contracts/alarm"	"same_package_test"
"github.com/kapu/hololive-api/internal/planes/admin/internal/server/api"	"github.com/kapu/hololive-shared/pkg/contracts/trigger"	"same_package_test"
"github.com/kapu/hololive-api/internal/planes/admin/internal/server/api"	"github.com/kapu/hololive-shared/pkg/domain"	"same_package_test"
"github.com/kapu/hololive-api/internal/planes/admin/internal/server/api"	"github.com/kapu/hololive-shared/pkg/server/httpserver"	"same_package_test"
"github.com/kapu/hololive-api/internal/planes/admin/internal/server/api"	"github.com/kapu/hololive-shared/pkg/service/alarm"	"same_package_test"
"github.com/kapu/hololive-api/internal/planes/admin/internal/server/api"	"github.com/kapu/hololive-shared/pkg/service/database/mocks"	"same_package_test"
"github.com/kapu/hololive-api/internal/planes/admin/internal/server/api"	"github.com/kapu/hololive-shared/pkg/service/member"	"same_package_test"
"github.com/kapu/hololive-api/internal/planes/admin/internal/server/api"	"github.com/kapu/hololive-shared/pkg/service/settings"	"same_package_test"
"github.com/kapu/hololive-api/internal/planes/admin/internal/server/api"	"github.com/kapu/hololive-shared/pkg/service/template"	"same_package_test"
"github.com/kapu/hololive-api/internal/planes/admin/internal/server/api"	"github.com/kapu/hololive-shared/pkg/service/xspaces"	"same_package_test"
"github.com/kapu/hololive-api/internal/planes/admin/internal/server/api"	"github.com/kapu/hololive-shared/pkg/service/youtube/outbox/analytics"	"same_package_test"
"github.com/kapu/hololive-api/internal/planes/admin/internal/server/api"	"github.com/kapu/hololive-api/internal/planes/admin/internal/server/api"	"external_test"
"github.com/kapu/hololive-api/internal/planes/admin/internal/service/auth"	"github.com/kapu/hololive-shared/pkg/dbx"	"production"
"github.com/kapu/hololive-api/internal/planes/admin/internal/service/auth"	"github.com/kapu/hololive-shared/pkg/privacylog"	"production"
"github.com/kapu/hololive-api/internal/planes/admin/internal/service/auth"	"github.com/kapu/hololive-shared/pkg/service/cache"	"production"
"github.com/kapu/hololive-api/internal/planes/admin/internal/service/auth"	"github.com/kapu/hololive-shared/pkg/sqlassets"	"production"
"github.com/kapu/hololive-api/internal/planes/admin/internal/service/auth"	"github.com/kapu/hololive-dbtest"	"same_package_test"
"github.com/kapu/hololive-api/internal/planes/admin/internal/service/auth"	"github.com/kapu/hololive-shared/pkg/privacylog"	"same_package_test"
"github.com/kapu/hololive-api/internal/planes/admin/internal/service/auth"	"github.com/kapu/hololive-shared/pkg/service/cache"	"same_package_test"
"github.com/kapu/hololive-api/internal/planes/admin/internal/service/auth"	"github.com/kapu/hololive-shared/pkg/testutil"	"same_package_test"
"github.com/kapu/hololive-api/internal/planes/admin/internal/service/system"	"github.com/kapu/hololive-shared/pkg/service/internalhttp"	"production"
"github.com/kapu/hololive-api/internal/planes/bot/internal/adapter"	"github.com/kapu/hololive-api/internal/planes/bot/internal/adapter/messaging"	"external_test"
"github.com/kapu/hololive-api/internal/planes/bot/internal/adapter"	"github.com/kapu/hololive-shared/pkg/domain"	"external_test"
"github.com/kapu/hololive-api/internal/planes/bot/internal/adapter/messaging"	"github.com/kapu/hololive-api/internal/planes/bot/internal/broadcasttype"	"production"
"github.com/kapu/hololive-api/internal/planes/bot/internal/adapter/messaging"	"github.com/kapu/hololive-shared/pkg/domain"	"production"
"github.com/kapu/hololive-api/internal/planes/bot/internal/adapter/messaging"	"github.com/kapu/hololive-api/internal/planes/bot/internal/adapter/messaging/formatter"	"same_package_test"
"github.com/kapu/hololive-api/internal/planes/bot/internal/adapter/messaging"	"github.com/kapu/hololive-dbtest"	"same_package_test"
"github.com/kapu/hololive-api/internal/planes/bot/internal/adapter/messaging"	"github.com/kapu/hololive-shared/pkg/domain"	"same_package_test"
"github.com/kapu/hololive-api/internal/planes/bot/internal/adapter/messaging"	"github.com/kapu/hololive-shared/pkg/service/template"	"same_package_test"
"github.com/kapu/hololive-api/internal/planes/bot/internal/adapter/messaging"	"github.com/kapu/hololive-api/internal/planes/bot/internal/adapter/messaging"	"external_test"
"github.com/kapu/hololive-api/internal/planes/bot/internal/adapter/messaging"	"github.com/kapu/hololive-api/internal/planes/bot/internal/adapter/messaging/formatter"	"external_test"
"github.com/kapu/hololive-api/internal/planes/bot/internal/adapter/messaging"	"github.com/kapu/hololive-dbtest"	"external_test"
"github.com/kapu/hololive-api/internal/planes/bot/internal/adapter/messaging"	"github.com/kapu/hololive-shared/pkg/domain"	"external_test"
"github.com/kapu/hololive-api/internal/planes/bot/internal/adapter/messaging"	"github.com/kapu/hololive-shared/pkg/service/messagestrings"	"external_test"
"github.com/kapu/hololive-api/internal/planes/bot/internal/adapter/messaging/formatter"	"github.com/kapu/hololive-api/internal/planes/bot/internal/service/livequery"	"production"
"github.com/kapu/hololive-api/internal/planes/bot/internal/adapter/messaging/formatter"	"github.com/kapu/hololive-api/internal/templateview"	"production"
"github.com/kapu/hololive-api/internal/planes/bot/internal/adapter/messaging/formatter"	"github.com/kapu/hololive-shared/pkg/constants"	"production"
"github.com/kapu/hololive-api/internal/planes/bot/internal/adapter/messaging/formatter"	"github.com/kapu/hololive-shared/pkg/contracts/membernews"	"production"
"github.com/kapu/hololive-api/internal/planes/bot/internal/adapter/messaging/formatter"	"github.com/kapu/hololive-shared/pkg/domain"	"production"
"github.com/kapu/hololive-api/internal/planes/bot/internal/adapter/messaging/formatter"	"github.com/kapu/hololive-shared/pkg/domain/mekparkhost"	"production"
"github.com/kapu/hololive-api/internal/planes/bot/internal/adapter/messaging/formatter"	"github.com/kapu/hololive-shared/pkg/service/messagestrings"	"production"
"github.com/kapu/hololive-api/internal/planes/bot/internal/adapter/messaging/formatter"	"github.com/kapu/hololive-shared/pkg/service/template"	"production"
"github.com/kapu/hololive-api/internal/planes/bot/internal/adapter/messaging/formatter"	"github.com/kapu/hololive-shared/pkg/util"	"production"
"github.com/kapu/hololive-api/internal/planes/bot/internal/adapter/messaging/formatter"	"github.com/kapu/hololive-api/internal/planes/bot/internal/service/livequery"	"same_package_test"
"github.com/kapu/hololive-api/internal/planes/bot/internal/adapter/messaging/formatter"	"github.com/kapu/hololive-api/internal/templateview"	"same_package_test"
"github.com/kapu/hololive-api/internal/planes/bot/internal/adapter/messaging/formatter"	"github.com/kapu/hololive-dbtest"	"same_package_test"
"github.com/kapu/hololive-api/internal/planes/bot/internal/adapter/messaging/formatter"	"github.com/kapu/hololive-shared/pkg/constants"	"same_package_test"
"github.com/kapu/hololive-api/internal/planes/bot/internal/adapter/messaging/formatter"	"github.com/kapu/hololive-shared/pkg/contracts/membernews"	"same_package_test"
"github.com/kapu/hololive-api/internal/planes/bot/internal/adapter/messaging/formatter"	"github.com/kapu/hololive-shared/pkg/domain"	"same_package_test"
"github.com/kapu/hololive-api/internal/planes/bot/internal/adapter/messaging/formatter"	"github.com/kapu/hololive-shared/pkg/service/messagestrings"	"same_package_test"
"github.com/kapu/hololive-api/internal/planes/bot/internal/adapter/messaging/formatter"	"github.com/kapu/hololive-shared/pkg/service/template"	"same_package_test"
"github.com/kapu/hololive-api/internal/planes/bot/internal/adapter/messaging/formatter"	"github.com/kapu/hololive-shared/pkg/util"	"same_package_test"
"github.com/kapu/hololive-api/internal/planes/bot/internal/app/bootstrap"	"github.com/kapu/hololive-api/internal/planes/bot/internal/adapter/messaging"	"production"
"github.com/kapu/hololive-api/internal/planes/bot/internal/app/bootstrap"	"github.com/kapu/hololive-api/internal/planes/bot/internal/adapter/messaging/formatter"	"production"
"github.com/kapu/hololive-api/internal/planes/bot/internal/app/bootstrap"	"github.com/kapu/hololive-api/internal/planes/bot/internal/app/http"	"production"
"github.com/kapu/hololive-api/internal/planes/bot/internal/app/bootstrap"	"github.com/kapu/hololive-api/internal/planes/bot/internal/bot/orchestration"	"production"
"github.com/kapu/hololive-api/internal/planes/bot/internal/app/bootstrap"	"github.com/kapu/hololive-api/internal/planes/bot/internal/bot/orchestration/orchcmd"	"production"
"github.com/kapu/hololive-api/internal/planes/bot/internal/app/bootstrap"	"github.com/kapu/hololive-api/internal/planes/bot/internal/client/majorevent"	"production"
"github.com/kapu/hololive-api/internal/planes/bot/internal/app/bootstrap"	"github.com/kapu/hololive-api/internal/planes/bot/internal/client/membernews"	"production"
"github.com/kapu/hololive-api/internal/planes/bot/internal/app/bootstrap"	"github.com/kapu/hololive-api/internal/planes/bot/internal/command/handlers/handlercore"	"production"
"github.com/kapu/hololive-api/internal/planes/bot/internal/app/bootstrap"	"github.com/kapu/hololive-api/internal/planes/bot/internal/service/matcher"	"production"
"github.com/kapu/hololive-api/internal/planes/bot/internal/app/bootstrap"	"github.com/kapu/hololive-api/internal/service/acl"	"production"
"github.com/kapu/hololive-api/internal/planes/bot/internal/app/bootstrap"	"github.com/kapu/hololive-api/internal/service/activity"	"production"
"github.com/kapu/hololive-api/internal/planes/bot/internal/app/bootstrap"	"github.com/kapu/hololive-shared/pkg/config/settings"	"production"
"github.com/kapu/hololive-api/internal/planes/bot/internal/app/bootstrap"	"github.com/kapu/hololive-shared/pkg/domain"	"production"
"github.com/kapu/hololive-api/internal/planes/bot/internal/app/bootstrap"	"github.com/kapu/hololive-shared/pkg/providers"	"production"
"github.com/kapu/hololive-api/internal/planes/bot/internal/app/bootstrap"	"github.com/kapu/hololive-shared/pkg/providers/modules"	"production"
"github.com/kapu/hololive-api/internal/planes/bot/internal/app/bootstrap"	"github.com/kapu/hololive-shared/pkg/readiness"	"production"
"github.com/kapu/hololive-api/internal/planes/bot/internal/app/bootstrap"	"github.com/kapu/hololive-shared/pkg/server/httpserver"	"production"
"github.com/kapu/hololive-api/internal/planes/bot/internal/app/bootstrap"	"github.com/kapu/hololive-shared/pkg/service/alarm"	"production"
"github.com/kapu/hololive-api/internal/planes/bot/internal/app/bootstrap"	"github.com/kapu/hololive-shared/pkg/service/cache"	"production"
"github.com/kapu/hololive-api/internal/planes/bot/internal/app/bootstrap"	"github.com/kapu/hololive-shared/pkg/service/database"	"production"
"github.com/kapu/hololive-api/internal/planes/bot/internal/app/bootstrap"	"github.com/kapu/hololive-shared/pkg/service/holodex/provider"	"production"
"github.com/kapu/hololive-api/internal/planes/bot/internal/app/bootstrap"	"github.com/kapu/hololive-shared/pkg/service/internalhttp"	"production"
"github.com/kapu/hololive-api/internal/planes/bot/internal/app/bootstrap"	"github.com/kapu/hololive-shared/pkg/service/member"	"production"
"github.com/kapu/hololive-api/internal/planes/bot/internal/app/bootstrap"	"github.com/kapu/hololive-shared/pkg/service/messagestrings"	"production"
"github.com/kapu/hololive-api/internal/planes/bot/internal/app/bootstrap"	"github.com/kapu/hololive-shared/pkg/service/settings"	"production"
"github.com/kapu/hololive-api/internal/planes/bot/internal/app/bootstrap"	"github.com/kapu/hololive-shared/pkg/service/template"	"production"
"github.com/kapu/hololive-api/internal/planes/bot/internal/app/bootstrap"	"github.com/kapu/hololive-api/internal/planes/bot/internal/adapter/messaging"	"same_package_test"
"github.com/kapu/hololive-api/internal/planes/bot/internal/app/bootstrap"	"github.com/kapu/hololive-api/internal/planes/bot/internal/adapter/messaging/formatter"	"same_package_test"
"github.com/kapu/hololive-api/internal/planes/bot/internal/app/bootstrap"	"github.com/kapu/hololive-api/internal/planes/bot/internal/bot/orchestration"	"same_package_test"
"github.com/kapu/hololive-api/internal/planes/bot/internal/app/bootstrap"	"github.com/kapu/hololive-api/internal/planes/bot/internal/bot/orchestration/orchcmd"	"same_package_test"
"github.com/kapu/hololive-api/internal/planes/bot/internal/app/bootstrap"	"github.com/kapu/hololive-api/internal/planes/bot/internal/command/handlers/handlercore"	"same_package_test"
"github.com/kapu/hololive-api/internal/planes/bot/internal/app/bootstrap"	"github.com/kapu/hololive-api/internal/service/acl"	"same_package_test"
"github.com/kapu/hololive-api/internal/planes/bot/internal/app/bootstrap"	"github.com/kapu/hololive-api/internal/service/activity"	"same_package_test"
"github.com/kapu/hololive-api/internal/planes/bot/internal/app/bootstrap"	"github.com/kapu/hololive-api/internal/service/member/mocks"	"same_package_test"
"github.com/kapu/hololive-api/internal/planes/bot/internal/app/bootstrap"	"github.com/kapu/hololive-api/internal/service/settings/mocks"	"same_package_test"
"github.com/kapu/hololive-api/internal/planes/bot/internal/app/bootstrap"	"github.com/kapu/hololive-dbtest"	"same_package_test"
"github.com/kapu/hololive-api/internal/planes/bot/internal/app/bootstrap"	"github.com/kapu/hololive-shared/pkg/config/settings"	"same_package_test"
"github.com/kapu/hololive-api/internal/planes/bot/internal/app/bootstrap"	"github.com/kapu/hololive-shared/pkg/domain"	"same_package_test"
"github.com/kapu/hololive-api/internal/planes/bot/internal/app/bootstrap"	"github.com/kapu/hololive-shared/pkg/providers/modules"	"same_package_test"
"github.com/kapu/hololive-api/internal/planes/bot/internal/app/bootstrap"	"github.com/kapu/hololive-shared/pkg/service/alarm"	"same_package_test"
"github.com/kapu/hololive-api/internal/planes/bot/internal/app/bootstrap"	"github.com/kapu/hololive-shared/pkg/service/cache/mocks"	"same_package_test"
"github.com/kapu/hololive-api/internal/planes/bot/internal/app/bootstrap"	"github.com/kapu/hololive-shared/pkg/service/database/mocks"	"same_package_test"
"github.com/kapu/hololive-api/internal/planes/bot/internal/app/bootstrap"	"github.com/kapu/hololive-shared/pkg/service/member"	"same_package_test"
"github.com/kapu/hololive-api/internal/planes/bot/internal/app/bootstrap"	"github.com/kapu/hololive-shared/pkg/service/messagestrings"	"same_package_test"
"github.com/kapu/hololive-api/internal/planes/bot/internal/app/bootstrap"	"github.com/kapu/hololive-shared/pkg/service/settings"	"same_package_test"
"github.com/kapu/hololive-api/internal/planes/bot/internal/app/bootstrap"	"github.com/kapu/hololive-shared/pkg/testutil"	"same_package_test"
"github.com/kapu/hololive-api/internal/planes/bot/internal/app/http"	"github.com/kapu/hololive-api/internal/readiness"	"production"
"github.com/kapu/hololive-api/internal/planes/bot/internal/app/http"	"github.com/kapu/hololive-shared/pkg/config/settings"	"production"
"github.com/kapu/hololive-api/internal/planes/bot/internal/app/http"	"github.com/kapu/hololive-shared/pkg/contracts/irisrooms"	"production"
"github.com/kapu/hololive-api/internal/planes/bot/internal/app/http"	"github.com/kapu/hololive-shared/pkg/contracts/shortlink"	"production"
"github.com/kapu/hololive-api/internal/planes/bot/internal/app/http"	"github.com/kapu/hololive-shared/pkg/domain"	"production"
"github.com/kapu/hololive-api/internal/planes/bot/internal/app/http"	"github.com/kapu/hololive-shared/pkg/readiness"	"production"
"github.com/kapu/hololive-api/internal/planes/bot/internal/app/http"	"github.com/kapu/hololive-shared/pkg/server/httpserver"	"production"
"github.com/kapu/hololive-api/internal/planes/bot/internal/app/http"	"github.com/kapu/hololive-shared/pkg/server/middleware"	"production"
"github.com/kapu/hololive-api/internal/planes/bot/internal/app/http"	"github.com/kapu/hololive-shared/pkg/service/shortlink"	"production"
"github.com/kapu/hololive-api/internal/planes/bot/internal/app/http"	"github.com/kapu/hololive-shared/pkg/config/settings"	"same_package_test"
"github.com/kapu/hololive-api/internal/planes/bot/internal/app/http"	"github.com/kapu/hololive-shared/pkg/contracts/common"	"same_package_test"
"github.com/kapu/hololive-api/internal/planes/bot/internal/app/http"	"github.com/kapu/hololive-shared/pkg/contracts/irisrooms"	"same_package_test"
"github.com/kapu/hololive-api/internal/planes/bot/internal/app/http"	"github.com/kapu/hololive-shared/pkg/domain"	"same_package_test"
"github.com/kapu/hololive-api/internal/planes/bot/internal/app/http"	"github.com/kapu/hololive-shared/pkg/readiness"	"same_package_test"
"github.com/kapu/hololive-api/internal/planes/bot/internal/assets/fonts"	"github.com/kapu/hololive-dbtest"	"same_package_test"
"github.com/kapu/hololive-api/internal/planes/bot/internal/bot"	"github.com/kapu/hololive-api/internal/planes/bot/internal/bot/orchestration/orchcmd"	"external_test"
"github.com/kapu/hololive-api/internal/planes/bot/internal/bot"	"github.com/kapu/hololive-api/internal/planes/bot/internal/command/handlers"	"external_test"
"github.com/kapu/hololive-api/internal/planes/bot/internal/bot"	"github.com/kapu/hololive-api/internal/planes/bot/internal/command/handlers/handlercore"	"external_test"
"github.com/kapu/hololive-api/internal/planes/bot/internal/bot"	"github.com/kapu/hololive-shared/pkg/domain"	"external_test"
"github.com/kapu/hololive-api/internal/planes/bot/internal/bot/orchestration"	"github.com/kapu/hololive-api/internal/planes/bot/internal/adapter/messaging"	"production"
"github.com/kapu/hololive-api/internal/planes/bot/internal/bot/orchestration"	"github.com/kapu/hololive-api/internal/planes/bot/internal/adapter/messaging/formatter"	"production"
"github.com/kapu/hololive-api/internal/planes/bot/internal/bot/orchestration"	"github.com/kapu/hololive-api/internal/planes/bot/internal/bot/orchestration/ingress"	"production"
"github.com/kapu/hololive-api/internal/planes/bot/internal/bot/orchestration"	"github.com/kapu/hololive-api/internal/planes/bot/internal/bot/orchestration/lifecycle"	"production"
"github.com/kapu/hololive-api/internal/planes/bot/internal/bot/orchestration"	"github.com/kapu/hololive-api/internal/planes/bot/internal/bot/orchestration/orchcmd"	"production"
"github.com/kapu/hololive-api/internal/planes/bot/internal/bot/orchestration"	"github.com/kapu/hololive-api/internal/planes/bot/internal/bot/orchestration/transport"	"production"
"github.com/kapu/hololive-api/internal/planes/bot/internal/bot/orchestration"	"github.com/kapu/hololive-api/internal/planes/bot/internal/command/handlers"	"production"
"github.com/kapu/hololive-api/internal/planes/bot/internal/bot/orchestration"	"github.com/kapu/hololive-api/internal/planes/bot/internal/command/handlers/alarm"	"production"
"github.com/kapu/hololive-api/internal/planes/bot/internal/bot/orchestration"	"github.com/kapu/hololive-api/internal/planes/bot/internal/command/handlers/handlercore"	"production"
"github.com/kapu/hololive-api/internal/planes/bot/internal/bot/orchestration"	"github.com/kapu/hololive-api/internal/planes/bot/internal/command/handlers/info"	"production"
"github.com/kapu/hololive-api/internal/planes/bot/internal/bot/orchestration"	"github.com/kapu/hololive-api/internal/planes/bot/internal/command/handlers/news"	"production"
"github.com/kapu/hololive-api/internal/planes/bot/internal/bot/orchestration"	"github.com/kapu/hololive-api/internal/planes/bot/internal/durability"	"production"
"github.com/kapu/hololive-api/internal/planes/bot/internal/bot/orchestration"	"github.com/kapu/hololive-api/internal/planes/bot/internal/privacylog"	"production"
"github.com/kapu/hololive-api/internal/planes/bot/internal/bot/orchestration"	"github.com/kapu/hololive-api/internal/planes/bot/internal/render"	"production"
"github.com/kapu/hololive-api/internal/planes/bot/internal/bot/orchestration"	"github.com/kapu/hololive-api/internal/planes/bot/internal/service/livequery"	"production"
"github.com/kapu/hololive-api/internal/planes/bot/internal/bot/orchestration"	"github.com/kapu/hololive-api/internal/planes/bot/internal/service/matcher"	"production"
"github.com/kapu/hololive-api/internal/planes/bot/internal/bot/orchestration"	"github.com/kapu/hololive-api/internal/service/acl"	"production"
"github.com/kapu/hololive-api/internal/planes/bot/internal/bot/orchestration"	"github.com/kapu/hololive-api/internal/service/activity"	"production"
"github.com/kapu/hololive-api/internal/planes/bot/internal/bot/orchestration"	"github.com/kapu/hololive-shared/pkg/apperrors"	"production"
"github.com/kapu/hololive-api/internal/planes/bot/internal/bot/orchestration"	"github.com/kapu/hololive-shared/pkg/config/settings"	"production"
"github.com/kapu/hololive-api/internal/planes/bot/internal/bot/orchestration"	"github.com/kapu/hololive-shared/pkg/domain"	"production"
"github.com/kapu/hololive-api/internal/planes/bot/internal/bot/orchestration"	"github.com/kapu/hololive-shared/pkg/service/cache"	"production"
"github.com/kapu/hololive-api/internal/planes/bot/internal/bot/orchestration"	"github.com/kapu/hololive-shared/pkg/service/database"	"production"
"github.com/kapu/hololive-api/internal/planes/bot/internal/bot/orchestration"	"github.com/kapu/hololive-shared/pkg/service/kakaoroom"	"production"
"github.com/kapu/hololive-api/internal/planes/bot/internal/bot/orchestration"	"github.com/kapu/hololive-shared/pkg/service/member"	"production"
"github.com/kapu/hololive-api/internal/planes/bot/internal/bot/orchestration"	"github.com/kapu/hololive-shared/pkg/service/messagestrings"	"production"
"github.com/kapu/hololive-api/internal/planes/bot/internal/bot/orchestration"	"github.com/kapu/hololive-shared/pkg/service/settings"	"production"
"github.com/kapu/hololive-api/internal/planes/bot/internal/bot/orchestration"	"github.com/kapu/hololive-api/internal/planes/bot/internal/adapter/messaging"	"same_package_test"
"github.com/kapu/hololive-api/internal/planes/bot/internal/bot/orchestration"	"github.com/kapu/hololive-api/internal/planes/bot/internal/adapter/messaging/formatter"	"same_package_test"
"github.com/kapu/hololive-api/internal/planes/bot/internal/bot/orchestration"	"github.com/kapu/hololive-api/internal/planes/bot/internal/bot/orchestration/lifecycle"	"same_package_test"
"github.com/kapu/hololive-api/internal/planes/bot/internal/bot/orchestration"	"github.com/kapu/hololive-api/internal/planes/bot/internal/bot/orchestration/orchcmd"	"same_package_test"
"github.com/kapu/hololive-api/internal/planes/bot/internal/bot/orchestration"	"github.com/kapu/hololive-api/internal/planes/bot/internal/bot/orchestration/transport"	"same_package_test"
"github.com/kapu/hololive-api/internal/planes/bot/internal/bot/orchestration"	"github.com/kapu/hololive-api/internal/planes/bot/internal/command/handlers"	"same_package_test"
"github.com/kapu/hololive-api/internal/planes/bot/internal/bot/orchestration"	"github.com/kapu/hololive-api/internal/planes/bot/internal/command/handlers/handlercore"	"same_package_test"
"github.com/kapu/hololive-api/internal/planes/bot/internal/bot/orchestration"	"github.com/kapu/hololive-api/internal/planes/bot/internal/durability"	"same_package_test"
"github.com/kapu/hololive-api/internal/planes/bot/internal/bot/orchestration"	"github.com/kapu/hololive-dbtest"	"same_package_test"
"github.com/kapu/hololive-api/internal/planes/bot/internal/bot/orchestration"	"github.com/kapu/hololive-shared/pkg/apperrors"	"same_package_test"
"github.com/kapu/hololive-api/internal/planes/bot/internal/bot/orchestration"	"github.com/kapu/hololive-shared/pkg/config/settings"	"same_package_test"
"github.com/kapu/hololive-api/internal/planes/bot/internal/bot/orchestration"	"github.com/kapu/hololive-shared/pkg/contracts/membernews"	"same_package_test"
"github.com/kapu/hololive-api/internal/planes/bot/internal/bot/orchestration"	"github.com/kapu/hololive-shared/pkg/domain"	"same_package_test"
"github.com/kapu/hololive-api/internal/planes/bot/internal/bot/orchestration"	"github.com/kapu/hololive-shared/pkg/service/cache"	"same_package_test"
"github.com/kapu/hololive-api/internal/planes/bot/internal/bot/orchestration"	"github.com/kapu/hololive-shared/pkg/service/cache/mocks"	"same_package_test"
"github.com/kapu/hololive-api/internal/planes/bot/internal/bot/orchestration"	"github.com/kapu/hololive-shared/pkg/service/database"	"same_package_test"
"github.com/kapu/hololive-api/internal/planes/bot/internal/bot/orchestration"	"github.com/kapu/hololive-shared/pkg/service/member"	"same_package_test"
"github.com/kapu/hololive-api/internal/planes/bot/internal/bot/orchestration"	"github.com/kapu/hololive-shared/pkg/service/messagestrings"	"same_package_test"
"github.com/kapu/hololive-api/internal/planes/bot/internal/bot/orchestration"	"github.com/kapu/hololive-shared/pkg/testutil"	"same_package_test"
"github.com/kapu/hololive-api/internal/planes/bot/internal/bot/orchestration/ingress"	"github.com/kapu/hololive-api/internal/planes/bot/internal/adapter/messaging"	"production"
"github.com/kapu/hololive-api/internal/planes/bot/internal/bot/orchestration/ingress"	"github.com/kapu/hololive-api/internal/planes/bot/internal/privacylog"	"production"
"github.com/kapu/hololive-api/internal/planes/bot/internal/bot/orchestration/ingress"	"github.com/kapu/hololive-api/internal/service/acl"	"production"
"github.com/kapu/hololive-api/internal/planes/bot/internal/bot/orchestration/ingress"	"github.com/kapu/hololive-shared/pkg/domain"	"production"
"github.com/kapu/hololive-api/internal/planes/bot/internal/bot/orchestration/ingress"	"github.com/kapu/hololive-api/internal/planes/bot/internal/adapter/messaging"	"same_package_test"
"github.com/kapu/hololive-api/internal/planes/bot/internal/bot/orchestration/ingress"	"github.com/kapu/hololive-api/internal/planes/bot/internal/privacylog"	"same_package_test"
"github.com/kapu/hololive-api/internal/planes/bot/internal/bot/orchestration/ingress"	"github.com/kapu/hololive-shared/pkg/domain"	"same_package_test"
"github.com/kapu/hololive-api/internal/planes/bot/internal/bot/orchestration/lifecycle"	"github.com/kapu/hololive-shared/pkg/constants"	"production"
"github.com/kapu/hololive-api/internal/planes/bot/internal/bot/orchestration/lifecycle"	"github.com/kapu/hololive-shared/pkg/service/cache"	"production"
"github.com/kapu/hololive-api/internal/planes/bot/internal/bot/orchestration/lifecycle"	"github.com/kapu/hololive-shared/pkg/service/database"	"production"
"github.com/kapu/hololive-api/internal/planes/bot/internal/bot/orchestration/orchcmd"	"github.com/kapu/hololive-api/internal/planes/bot/internal/adapter/messaging"	"production"
"github.com/kapu/hololive-api/internal/planes/bot/internal/bot/orchestration/orchcmd"	"github.com/kapu/hololive-api/internal/planes/bot/internal/bot/orchestration/transport"	"production"
"github.com/kapu/hololive-api/internal/planes/bot/internal/bot/orchestration/orchcmd"	"github.com/kapu/hololive-api/internal/planes/bot/internal/command/handlers"	"production"
"github.com/kapu/hololive-api/internal/planes/bot/internal/bot/orchestration/orchcmd"	"github.com/kapu/hololive-api/internal/planes/bot/internal/command/handlers/handlercore"	"production"
"github.com/kapu/hololive-api/internal/planes/bot/internal/bot/orchestration/orchcmd"	"github.com/kapu/hololive-api/internal/planes/bot/internal/privacylog"	"production"
"github.com/kapu/hololive-api/internal/planes/bot/internal/bot/orchestration/orchcmd"	"github.com/kapu/hololive-shared/pkg/domain"	"production"
"github.com/kapu/hololive-api/internal/planes/bot/internal/bot/orchestration/orchcmd"	"github.com/kapu/hololive-shared/pkg/service/cache"	"production"
"github.com/kapu/hololive-api/internal/planes/bot/internal/bot/orchestration/orchcmd"	"github.com/kapu/hololive-shared/pkg/service/messagestrings"	"production"
"github.com/kapu/hololive-api/internal/planes/bot/internal/bot/orchestration/orchcmd"	"github.com/kapu/hololive-api/internal/planes/bot/internal/bot/orchestration/transport"	"same_package_test"
"github.com/kapu/hololive-api/internal/planes/bot/internal/bot/orchestration/orchcmd"	"github.com/kapu/hololive-api/internal/planes/bot/internal/command/handlers"	"same_package_test"
"github.com/kapu/hololive-api/internal/planes/bot/internal/bot/orchestration/orchcmd"	"github.com/kapu/hololive-api/internal/planes/bot/internal/privacylog"	"same_package_test"
"github.com/kapu/hololive-api/internal/planes/bot/internal/bot/orchestration/orchcmd"	"github.com/kapu/hololive-shared/pkg/domain"	"same_package_test"
"github.com/kapu/hololive-api/internal/planes/bot/internal/bot/orchestration/orchcmd"	"github.com/kapu/hololive-shared/pkg/service/cache"	"same_package_test"
"github.com/kapu/hololive-api/internal/planes/bot/internal/bot/orchestration/transport"	"github.com/kapu/hololive-api/internal/planes/bot/internal/adapter/messaging/formatter"	"production"
"github.com/kapu/hololive-api/internal/planes/bot/internal/bot/orchestration/transport"	"github.com/kapu/hololive-shared/pkg/apperrors"	"production"
"github.com/kapu/hololive-api/internal/planes/bot/internal/bot/orchestration/transport"	"github.com/kapu/hololive-shared/pkg/constants"	"production"
"github.com/kapu/hololive-api/internal/planes/bot/internal/bot/orchestration/transport"	"github.com/kapu/hololive-api/internal/planes/bot/internal/adapter/messaging/formatter"	"same_package_test"
"github.com/kapu/hololive-api/internal/planes/bot/internal/client/majorevent"	"github.com/kapu/hololive-api/internal/service/subscriptionclient"	"production"
"github.com/kapu/hololive-api/internal/planes/bot/internal/client/majorevent"	"github.com/kapu/hololive-shared/pkg/contracts/majorevent"	"production"
"github.com/kapu/hololive-api/internal/planes/bot/internal/client/majorevent"	"github.com/kapu/hololive-shared/pkg/service/internalhttp"	"production"
"github.com/kapu/hololive-api/internal/planes/bot/internal/client/majorevent"	"github.com/kapu/hololive-api/internal/planes/bot/internal/client/majorevent"	"external_test"
"github.com/kapu/hololive-api/internal/planes/bot/internal/client/majorevent"	"github.com/kapu/hololive-shared/pkg/contracts/common"	"external_test"
"github.com/kapu/hololive-api/internal/planes/bot/internal/client/majorevent"	"github.com/kapu/hololive-shared/pkg/contracts/majorevent"	"external_test"
"github.com/kapu/hololive-api/internal/planes/bot/internal/client/majorevent"	"github.com/kapu/hololive-shared/pkg/testutil"	"external_test"
"github.com/kapu/hololive-api/internal/planes/bot/internal/client/membernews"	"github.com/kapu/hololive-api/internal/service/subscriptionclient"	"production"
"github.com/kapu/hololive-api/internal/planes/bot/internal/client/membernews"	"github.com/kapu/hololive-shared/pkg/contracts/membernews"	"production"
"github.com/kapu/hololive-api/internal/planes/bot/internal/client/membernews"	"github.com/kapu/hololive-shared/pkg/service/internalhttp"	"production"
"github.com/kapu/hololive-api/internal/planes/bot/internal/client/membernews"	"github.com/kapu/hololive-api/internal/planes/bot/internal/client/membernews"	"external_test"
"github.com/kapu/hololive-api/internal/planes/bot/internal/client/membernews"	"github.com/kapu/hololive-shared/pkg/contracts/common"	"external_test"
"github.com/kapu/hololive-api/internal/planes/bot/internal/client/membernews"	"github.com/kapu/hololive-shared/pkg/contracts/membernews"	"external_test"
"github.com/kapu/hololive-api/internal/planes/bot/internal/client/membernews"	"github.com/kapu/hololive-shared/pkg/testutil"	"external_test"
"github.com/kapu/hololive-api/internal/planes/bot/internal/command/handlers"	"github.com/kapu/hololive-api/internal/planes/bot/internal/adapter/messaging"	"production"
"github.com/kapu/hololive-api/internal/planes/bot/internal/command/handlers"	"github.com/kapu/hololive-api/internal/planes/bot/internal/adapter/messaging/formatter"	"production"
"github.com/kapu/hololive-api/internal/planes/bot/internal/command/handlers"	"github.com/kapu/hololive-api/internal/planes/bot/internal/bot/orchestration/transport"	"production"
"github.com/kapu/hololive-api/internal/planes/bot/internal/command/handlers"	"github.com/kapu/hololive-api/internal/planes/bot/internal/broadcasttype"	"production"
"github.com/kapu/hololive-api/internal/planes/bot/internal/command/handlers"	"github.com/kapu/hololive-api/internal/planes/bot/internal/command/handlers/handlercore"	"production"
"github.com/kapu/hololive-api/internal/planes/bot/internal/command/handlers"	"github.com/kapu/hololive-api/internal/planes/bot/internal/service/livequery"	"production"
"github.com/kapu/hololive-api/internal/planes/bot/internal/command/handlers"	"github.com/kapu/hololive-shared/pkg/constants"	"production"
"github.com/kapu/hololive-api/internal/planes/bot/internal/command/handlers"	"github.com/kapu/hololive-shared/pkg/domain"	"production"
"github.com/kapu/hololive-api/internal/planes/bot/internal/command/handlers"	"github.com/kapu/hololive-shared/pkg/domain/mekparkhost"	"production"
"github.com/kapu/hololive-api/internal/planes/bot/internal/command/handlers"	"github.com/kapu/hololive-shared/pkg/net/imagehost"	"production"
"github.com/kapu/hololive-api/internal/planes/bot/internal/command/handlers"	"github.com/kapu/hololive-shared/pkg/service/database"	"production"
"github.com/kapu/hololive-api/internal/planes/bot/internal/command/handlers"	"github.com/kapu/hololive-shared/pkg/sqlassets"	"production"
"github.com/kapu/hololive-api/internal/planes/bot/internal/command/handlers"	"github.com/kapu/hololive-shared/pkg/util"	"production"
"github.com/kapu/hololive-api/internal/planes/bot/internal/command/handlers"	"github.com/kapu/hololive-api/internal/planes/bot/internal/adapter/messaging"	"same_package_test"
"github.com/kapu/hololive-api/internal/planes/bot/internal/command/handlers"	"github.com/kapu/hololive-api/internal/planes/bot/internal/adapter/messaging/formatter"	"same_package_test"
"github.com/kapu/hololive-api/internal/planes/bot/internal/command/handlers"	"github.com/kapu/hololive-api/internal/planes/bot/internal/bot/orchestration/transport"	"same_package_test"
"github.com/kapu/hololive-api/internal/planes/bot/internal/command/handlers"	"github.com/kapu/hololive-api/internal/planes/bot/internal/broadcasttype"	"same_package_test"
"github.com/kapu/hololive-api/internal/planes/bot/internal/command/handlers"	"github.com/kapu/hololive-api/internal/planes/bot/internal/command/handlers/alarm"	"same_package_test"
"github.com/kapu/hololive-api/internal/planes/bot/internal/command/handlers"	"github.com/kapu/hololive-api/internal/planes/bot/internal/command/handlers/handlercore"	"same_package_test"
"github.com/kapu/hololive-api/internal/planes/bot/internal/command/handlers"	"github.com/kapu/hololive-api/internal/planes/bot/internal/command/handlers/info"	"same_package_test"
"github.com/kapu/hololive-api/internal/planes/bot/internal/command/handlers"	"github.com/kapu/hololive-api/internal/planes/bot/internal/service/livequery"	"same_package_test"
"github.com/kapu/hololive-api/internal/planes/bot/internal/command/handlers"	"github.com/kapu/hololive-api/internal/planes/bot/internal/service/matcher"	"same_package_test"
"github.com/kapu/hololive-api/internal/planes/bot/internal/command/handlers"	"github.com/kapu/hololive-dbtest"	"same_package_test"
"github.com/kapu/hololive-api/internal/planes/bot/internal/command/handlers"	"github.com/kapu/hololive-shared/pkg/constants"	"same_package_test"
"github.com/kapu/hololive-api/internal/planes/bot/internal/command/handlers"	"github.com/kapu/hololive-shared/pkg/domain"	"same_package_test"
"github.com/kapu/hololive-api/internal/planes/bot/internal/command/handlers"	"github.com/kapu/hololive-shared/pkg/service/database/mocks"	"same_package_test"
"github.com/kapu/hololive-api/internal/planes/bot/internal/command/handlers"	"github.com/kapu/hololive-shared/pkg/service/messagestrings"	"same_package_test"
"github.com/kapu/hololive-api/internal/planes/bot/internal/command/handlers"	"github.com/kapu/hololive-shared/pkg/service/notification/alarmservice"	"same_package_test"
"github.com/kapu/hololive-api/internal/planes/bot/internal/command/handlers"	"github.com/kapu/hololive-shared/pkg/service/template"	"same_package_test"
"github.com/kapu/hololive-api/internal/planes/bot/internal/command/handlers"	"github.com/kapu/hololive-api/internal/planes/bot/internal/command/handlers"	"external_test"
"github.com/kapu/hololive-api/internal/planes/bot/internal/command/handlers"	"github.com/kapu/hololive-api/internal/planes/bot/internal/command/handlers/handlercore"	"external_test"
"github.com/kapu/hololive-api/internal/planes/bot/internal/command/handlers"	"github.com/kapu/hololive-shared/pkg/domain"	"external_test"
"github.com/kapu/hololive-api/internal/planes/bot/internal/command/handlers/alarm"	"github.com/kapu/hololive-api/internal/planes/bot/internal/adapter/messaging"	"production"
"github.com/kapu/hololive-api/internal/planes/bot/internal/command/handlers/alarm"	"github.com/kapu/hololive-api/internal/planes/bot/internal/adapter/messaging/formatter"	"production"
"github.com/kapu/hololive-api/internal/planes/bot/internal/command/handlers/alarm"	"github.com/kapu/hololive-api/internal/planes/bot/internal/command/handlers/handlercore"	"production"
"github.com/kapu/hololive-api/internal/planes/bot/internal/command/handlers/alarm"	"github.com/kapu/hololive-api/internal/planes/bot/internal/privacylog"	"production"
"github.com/kapu/hololive-api/internal/planes/bot/internal/command/handlers/alarm"	"github.com/kapu/hololive-api/internal/planes/bot/internal/service/matcher"	"production"
"github.com/kapu/hololive-api/internal/planes/bot/internal/command/handlers/alarm"	"github.com/kapu/hololive-shared/pkg/domain"	"production"
"github.com/kapu/hololive-api/internal/planes/bot/internal/command/handlers/alarm"	"github.com/kapu/hololive-shared/pkg/domain/mekparkhost"	"production"
"github.com/kapu/hololive-api/internal/planes/bot/internal/command/handlers/alarm"	"github.com/kapu/hololive-api/internal/planes/bot/internal/adapter/messaging"	"same_package_test"
"github.com/kapu/hololive-api/internal/planes/bot/internal/command/handlers/alarm"	"github.com/kapu/hololive-api/internal/planes/bot/internal/command/handlers/handlercore"	"same_package_test"
"github.com/kapu/hololive-api/internal/planes/bot/internal/command/handlers/alarm"	"github.com/kapu/hololive-api/internal/planes/bot/internal/privacylog"	"same_package_test"
"github.com/kapu/hololive-api/internal/planes/bot/internal/command/handlers/alarm"	"github.com/kapu/hololive-shared/pkg/domain"	"same_package_test"
"github.com/kapu/hololive-api/internal/planes/bot/internal/command/handlers/handlercore"	"github.com/kapu/hololive-api/internal/planes/bot/internal/adapter/messaging"	"production"
"github.com/kapu/hololive-api/internal/planes/bot/internal/command/handlers/handlercore"	"github.com/kapu/hololive-api/internal/planes/bot/internal/adapter/messaging/formatter"	"production"
"github.com/kapu/hololive-api/internal/planes/bot/internal/command/handlers/handlercore"	"github.com/kapu/hololive-api/internal/planes/bot/internal/service/livequery"	"production"
"github.com/kapu/hololive-api/internal/planes/bot/internal/command/handlers/handlercore"	"github.com/kapu/hololive-api/internal/planes/bot/internal/service/matcher"	"production"
"github.com/kapu/hololive-api/internal/planes/bot/internal/command/handlers/handlercore"	"github.com/kapu/hololive-shared/pkg/contracts/membernews"	"production"
"github.com/kapu/hololive-api/internal/planes/bot/internal/command/handlers/handlercore"	"github.com/kapu/hololive-shared/pkg/domain"	"production"
"github.com/kapu/hololive-api/internal/planes/bot/internal/command/handlers/handlercore"	"github.com/kapu/hololive-shared/pkg/service/cache"	"production"
"github.com/kapu/hololive-api/internal/planes/bot/internal/command/handlers/info"	"github.com/kapu/hololive-api/internal/planes/bot/internal/adapter/messaging"	"production"
"github.com/kapu/hololive-api/internal/planes/bot/internal/command/handlers/info"	"github.com/kapu/hololive-api/internal/planes/bot/internal/adapter/messaging/formatter"	"production"
"github.com/kapu/hololive-api/internal/planes/bot/internal/command/handlers/info"	"github.com/kapu/hololive-api/internal/planes/bot/internal/command/handlers/handlercore"	"production"
"github.com/kapu/hololive-api/internal/planes/bot/internal/command/handlers/info"	"github.com/kapu/hololive-api/internal/planes/bot/internal/service/matcher"	"production"
"github.com/kapu/hololive-api/internal/planes/bot/internal/command/handlers/info"	"github.com/kapu/hololive-shared/pkg/domain"	"production"
"github.com/kapu/hololive-api/internal/planes/bot/internal/command/handlers/info"	"github.com/kapu/hololive-shared/pkg/service/member"	"production"
"github.com/kapu/hololive-api/internal/planes/bot/internal/command/handlers/info"	"github.com/kapu/hololive-shared/pkg/util"	"production"
"github.com/kapu/hololive-api/internal/planes/bot/internal/command/handlers/info"	"github.com/kapu/hololive-shared/pkg/domain"	"same_package_test"
"github.com/kapu/hololive-api/internal/planes/bot/internal/command/handlers/news"	"github.com/kapu/hololive-api/internal/planes/bot/internal/adapter/messaging"	"production"
"github.com/kapu/hololive-api/internal/planes/bot/internal/command/handlers/news"	"github.com/kapu/hololive-api/internal/planes/bot/internal/command/handlers/handlercore"	"production"
"github.com/kapu/hololive-api/internal/planes/bot/internal/command/handlers/news"	"github.com/kapu/hololive-api/internal/planes/bot/internal/privacylog"	"production"
"github.com/kapu/hololive-api/internal/planes/bot/internal/command/handlers/news"	"github.com/kapu/hololive-shared/pkg/contracts/membernews"	"production"
"github.com/kapu/hololive-api/internal/planes/bot/internal/command/handlers/news"	"github.com/kapu/hololive-shared/pkg/domain"	"production"
"github.com/kapu/hololive-api/internal/planes/bot/internal/command/handlers/news"	"github.com/kapu/hololive-api/internal/planes/bot/internal/adapter/messaging"	"same_package_test"
"github.com/kapu/hololive-api/internal/planes/bot/internal/command/handlers/news"	"github.com/kapu/hololive-api/internal/planes/bot/internal/adapter/messaging/formatter"	"same_package_test"
"github.com/kapu/hololive-api/internal/planes/bot/internal/command/handlers/news"	"github.com/kapu/hololive-api/internal/planes/bot/internal/command/handlers/handlercore"	"same_package_test"
"github.com/kapu/hololive-api/internal/planes/bot/internal/command/handlers/news"	"github.com/kapu/hololive-shared/pkg/contracts/membernews"	"same_package_test"
"github.com/kapu/hololive-api/internal/planes/bot/internal/command/handlers/news"	"github.com/kapu/hololive-shared/pkg/domain"	"same_package_test"
"github.com/kapu/hololive-api/internal/planes/bot/internal/durability"	"github.com/kapu/hololive-api/internal/planes/bot/internal/privacylog"	"production"
"github.com/kapu/hololive-api/internal/planes/bot/internal/durability"	"github.com/kapu/hololive-shared/pkg/sqlassets"	"production"
"github.com/kapu/hololive-api/internal/planes/bot/internal/durability"	"github.com/kapu/hololive-api/internal/planes/bot/internal/bot/orchestration/transport"	"same_package_test"
"github.com/kapu/hololive-api/internal/planes/bot/internal/durability"	"github.com/kapu/hololive-dbtest"	"same_package_test"
"github.com/kapu/hololive-api/internal/planes/bot/internal/durability"	"github.com/kapu/hololive-shared/pkg/config/settings"	"same_package_test"
"github.com/kapu/hololive-api/internal/planes/bot/internal/privacylog"	"github.com/kapu/hololive-shared/pkg/privacylog"	"production"
"github.com/kapu/hololive-api/internal/planes/bot/internal/render"	"github.com/kapu/hololive-api/internal/planes/bot/internal/assets/fonts"	"production"
"github.com/kapu/hololive-api/internal/planes/bot/internal/render"	"github.com/kapu/hololive-api/internal/planes/bot/internal/render/cardkit"	"production"
"github.com/kapu/hololive-api/internal/planes/bot/internal/render"	"github.com/kapu/hololive-api/internal/planes/bot/internal/render/theme"	"production"
"github.com/kapu/hololive-api/internal/planes/bot/internal/render"	"github.com/kapu/hololive-shared/pkg/domain"	"production"
"github.com/kapu/hololive-api/internal/planes/bot/internal/render"	"github.com/kapu/hololive-shared/pkg/net/imagehost"	"production"
"github.com/kapu/hololive-api/internal/planes/bot/internal/render"	"github.com/kapu/hololive-shared/pkg/service/messagestrings"	"production"
"github.com/kapu/hololive-api/internal/planes/bot/internal/render"	"github.com/kapu/hololive-api/internal/planes/bot/internal/assets/fonts"	"same_package_test"
"github.com/kapu/hololive-api/internal/planes/bot/internal/render"	"github.com/kapu/hololive-api/internal/planes/bot/internal/render/cardkit"	"same_package_test"
"github.com/kapu/hololive-api/internal/planes/bot/internal/render"	"github.com/kapu/hololive-dbtest"	"same_package_test"
"github.com/kapu/hololive-api/internal/planes/bot/internal/render"	"github.com/kapu/hololive-shared/pkg/domain"	"same_package_test"
"github.com/kapu/hololive-api/internal/planes/bot/internal/render"	"github.com/kapu/hololive-shared/pkg/service/messagestrings"	"same_package_test"
"github.com/kapu/hololive-api/internal/planes/bot/internal/service/livequery"	"github.com/kapu/hololive-shared/pkg/service/database"	"production"
"github.com/kapu/hololive-api/internal/planes/bot/internal/service/livequery"	"github.com/kapu/hololive-shared/pkg/sqlassets"	"production"
"github.com/kapu/hololive-api/internal/planes/bot/internal/service/livequery"	"github.com/kapu/hololive-dbtest"	"same_package_test"
"github.com/kapu/hololive-api/internal/planes/bot/internal/service/matcher"	"github.com/kapu/hololive-api/internal/planes/bot/internal/privacylog"	"production"
"github.com/kapu/hololive-api/internal/planes/bot/internal/service/matcher"	"github.com/kapu/hololive-shared/pkg/domain"	"production"
"github.com/kapu/hololive-api/internal/planes/bot/internal/service/matcher"	"github.com/kapu/hololive-shared/pkg/util"	"production"
"github.com/kapu/hololive-api/internal/planes/bot/internal/service/matcher"	"github.com/kapu/hololive-shared/pkg/domain"	"same_package_test"
"github.com/kapu/hololive-api/internal/planes/bot/runtime"	"github.com/kapu/hololive-api/internal/planes/bot/internal/adapter/messaging"	"production"
"github.com/kapu/hololive-api/internal/planes/bot/runtime"	"github.com/kapu/hololive-api/internal/planes/bot/internal/adapter/messaging/formatter"	"production"
"github.com/kapu/hololive-api/internal/planes/bot/runtime"	"github.com/kapu/hololive-api/internal/planes/bot/internal/app/bootstrap"	"production"
"github.com/kapu/hololive-api/internal/planes/bot/runtime"	"github.com/kapu/hololive-api/internal/planes/bot/internal/app/runtime"	"production"
"github.com/kapu/hololive-api/internal/planes/bot/runtime"	"github.com/kapu/hololive-api/internal/planes/bot/internal/bot/orchestration"	"production"
"github.com/kapu/hololive-api/internal/planes/bot/runtime"	"github.com/kapu/hololive-api/internal/planes/bot/internal/bot/orchestration/transport"	"production"
"github.com/kapu/hololive-api/internal/planes/bot/runtime"	"github.com/kapu/hololive-api/internal/planes/bot/internal/durability"	"production"
"github.com/kapu/hololive-api/internal/planes/bot/runtime"	"github.com/kapu/hololive-api/internal/planes/bot/internal/privacylog"	"production"
"github.com/kapu/hololive-api/internal/planes/bot/runtime"	"github.com/kapu/hololive-api/internal/server/settings"	"production"
"github.com/kapu/hololive-api/internal/planes/bot/runtime"	"github.com/kapu/hololive-api/internal/service/acl"	"production"
"github.com/kapu/hololive-api/internal/planes/bot/runtime"	"github.com/kapu/hololive-shared/pkg/applifecycle"	"production"
"github.com/kapu/hololive-api/internal/planes/bot/runtime"	"github.com/kapu/hololive-shared/pkg/config/settings"	"production"
"github.com/kapu/hololive-api/internal/planes/bot/runtime"	"github.com/kapu/hololive-shared/pkg/providers/modules"	"production"
"github.com/kapu/hololive-api/internal/planes/bot/runtime"	"github.com/kapu/hololive-shared/pkg/readiness"	"production"
"github.com/kapu/hololive-api/internal/planes/bot/runtime"	"github.com/kapu/hololive-shared/pkg/server/httpserver"	"production"
"github.com/kapu/hololive-api/internal/planes/bot/runtime"	"github.com/kapu/hololive-shared/pkg/service/messagestrings"	"production"
"github.com/kapu/hololive-api/internal/planes/bot/runtime"	"github.com/kapu/hololive-api/internal/planes/bot/internal/adapter/messaging"	"same_package_test"
"github.com/kapu/hololive-api/internal/planes/bot/runtime"	"github.com/kapu/hololive-api/internal/planes/bot/internal/adapter/messaging/formatter"	"same_package_test"
"github.com/kapu/hololive-api/internal/planes/bot/runtime"	"github.com/kapu/hololive-api/internal/planes/bot/internal/app/bootstrap"	"same_package_test"
"github.com/kapu/hololive-api/internal/planes/bot/runtime"	"github.com/kapu/hololive-api/internal/planes/bot/internal/app/http"	"same_package_test"
"github.com/kapu/hololive-api/internal/planes/bot/runtime"	"github.com/kapu/hololive-api/internal/planes/bot/internal/bot/orchestration"	"same_package_test"
"github.com/kapu/hololive-api/internal/planes/bot/runtime"	"github.com/kapu/hololive-api/internal/planes/bot/internal/bot/orchestration/orchcmd"	"same_package_test"
"github.com/kapu/hololive-api/internal/planes/bot/runtime"	"github.com/kapu/hololive-api/internal/planes/bot/internal/bot/orchestration/transport"	"same_package_test"
"github.com/kapu/hololive-api/internal/planes/bot/runtime"	"github.com/kapu/hololive-api/internal/planes/bot/internal/command/handlers/handlercore"	"same_package_test"
"github.com/kapu/hololive-api/internal/planes/bot/runtime"	"github.com/kapu/hololive-api/internal/planes/bot/internal/durability"	"same_package_test"
"github.com/kapu/hololive-api/internal/planes/bot/runtime"	"github.com/kapu/hololive-api/internal/planes/bot/internal/service/matcher"	"same_package_test"
"github.com/kapu/hololive-api/internal/planes/bot/runtime"	"github.com/kapu/hololive-api/internal/server/settings"	"same_package_test"
"github.com/kapu/hololive-api/internal/planes/bot/runtime"	"github.com/kapu/hololive-api/internal/service/acl"	"same_package_test"
"github.com/kapu/hololive-api/internal/planes/bot/runtime"	"github.com/kapu/hololive-api/internal/service/activity"	"same_package_test"
"github.com/kapu/hololive-api/internal/planes/bot/runtime"	"github.com/kapu/hololive-dbtest"	"same_package_test"
"github.com/kapu/hololive-api/internal/planes/bot/runtime"	"github.com/kapu/hololive-shared/pkg/config/settings"	"same_package_test"
"github.com/kapu/hololive-api/internal/planes/bot/runtime"	"github.com/kapu/hololive-shared/pkg/constants"	"same_package_test"
"github.com/kapu/hololive-api/internal/planes/bot/runtime"	"github.com/kapu/hololive-shared/pkg/contracts/common"	"same_package_test"
"github.com/kapu/hololive-api/internal/planes/bot/runtime"	"github.com/kapu/hololive-shared/pkg/contracts/membernews"	"same_package_test"
"github.com/kapu/hololive-api/internal/planes/bot/runtime"	"github.com/kapu/hololive-shared/pkg/contracts/trigger"	"same_package_test"
"github.com/kapu/hololive-api/internal/planes/bot/runtime"	"github.com/kapu/hololive-shared/pkg/domain"	"same_package_test"
"github.com/kapu/hololive-api/internal/planes/bot/runtime"	"github.com/kapu/hololive-shared/pkg/providers/modules"	"same_package_test"
"github.com/kapu/hololive-api/internal/planes/bot/runtime"	"github.com/kapu/hololive-shared/pkg/readiness"	"same_package_test"
"github.com/kapu/hololive-api/internal/planes/bot/runtime"	"github.com/kapu/hololive-shared/pkg/server/httpserver"	"same_package_test"
"github.com/kapu/hololive-api/internal/planes/bot/runtime"	"github.com/kapu/hololive-shared/pkg/service/cache"	"same_package_test"
"github.com/kapu/hololive-api/internal/planes/bot/runtime"	"github.com/kapu/hololive-shared/pkg/service/cache/mocks"	"same_package_test"
"github.com/kapu/hololive-api/internal/planes/bot/runtime"	"github.com/kapu/hololive-shared/pkg/service/database"	"same_package_test"
"github.com/kapu/hololive-api/internal/planes/bot/runtime"	"github.com/kapu/hololive-shared/pkg/service/database/mocks"	"same_package_test"
"github.com/kapu/hololive-api/internal/planes/bot/runtime"	"github.com/kapu/hololive-shared/pkg/service/holodex/provider"	"same_package_test"
"github.com/kapu/hololive-api/internal/planes/bot/runtime"	"github.com/kapu/hololive-shared/pkg/service/member"	"same_package_test"
"github.com/kapu/hololive-api/internal/planes/bot/runtime"	"github.com/kapu/hololive-shared/pkg/service/settings"	"same_package_test"
"github.com/kapu/hololive-api/internal/planes/llm/internal/guardrail"	"github.com/kapu/hololive-api/internal/planes/llm/internal/model"	"production"
"github.com/kapu/hololive-api/internal/planes/llm/internal/llm"	"github.com/kapu/hololive-api/internal/planes/llm/internal/guardrail"	"production"
"github.com/kapu/hololive-api/internal/planes/llm/internal/llm"	"github.com/kapu/hololive-shared/pkg/constants"	"production"
"github.com/kapu/hololive-api/internal/planes/llm/internal/model"	"github.com/kapu/hololive-api/internal/planes/llm/internal/model"	"external_test"
"github.com/kapu/hololive-api/internal/planes/llm/internal/schedulerkit"	"github.com/kapu/hololive-shared/pkg/service/delivery"	"production"
"github.com/kapu/hololive-api/internal/planes/llm/internal/schedulerkit"	"github.com/kapu/hololive-shared/pkg/service/delivery"	"same_package_test"
"github.com/kapu/hololive-api/internal/planes/llm/internal/service/majorevent"	"github.com/kapu/hololive-shared/pkg/domain"	"production"
"github.com/kapu/hololive-api/internal/planes/llm/internal/service/majorevent"	"github.com/kapu/hololive-shared/pkg/service/database"	"production"
"github.com/kapu/hololive-api/internal/planes/llm/internal/service/majorevent"	"github.com/kapu/hololive-shared/pkg/sqlassets"	"production"
"github.com/kapu/hololive-api/internal/planes/llm/internal/service/majorevent"	"github.com/kapu/hololive-dbtest"	"same_package_test"
"github.com/kapu/hololive-api/internal/planes/llm/internal/service/majorevent"	"github.com/kapu/hololive-shared/pkg/domain"	"same_package_test"
"github.com/kapu/hololive-api/internal/planes/llm/internal/service/majorevent"	"github.com/kapu/hololive-shared/pkg/service/database/mocks"	"same_package_test"
"github.com/kapu/hololive-api/internal/planes/llm/internal/service/majorevent/scheduler"	"github.com/kapu/hololive-api/internal/planes/llm/internal/guardrail"	"production"
"github.com/kapu/hololive-api/internal/planes/llm/internal/service/majorevent/scheduler"	"github.com/kapu/hololive-api/internal/planes/llm/internal/schedulerkit"	"production"
"github.com/kapu/hololive-api/internal/planes/llm/internal/service/majorevent/scheduler"	"github.com/kapu/hololive-api/internal/planes/llm/internal/service/majorevent/summarizer"	"production"
"github.com/kapu/hololive-api/internal/planes/llm/internal/service/majorevent/scheduler"	"github.com/kapu/hololive-shared/pkg/constants"	"production"
"github.com/kapu/hololive-api/internal/planes/llm/internal/service/majorevent/scheduler"	"github.com/kapu/hololive-shared/pkg/contracts/trigger"	"production"
"github.com/kapu/hololive-api/internal/planes/llm/internal/service/majorevent/scheduler"	"github.com/kapu/hololive-shared/pkg/domain"	"production"
"github.com/kapu/hololive-api/internal/planes/llm/internal/service/majorevent/scheduler"	"github.com/kapu/hololive-shared/pkg/service/delivery"	"production"
"github.com/kapu/hololive-api/internal/planes/llm/internal/service/majorevent/scheduler"	"github.com/kapu/hololive-shared/pkg/util"	"production"
"github.com/kapu/hololive-api/internal/planes/llm/internal/service/majorevent/scheduler"	"github.com/kapu/hololive-api/internal/planes/llm/internal/service/majorevent/summarizer"	"same_package_test"
"github.com/kapu/hololive-api/internal/planes/llm/internal/service/majorevent/scheduler"	"github.com/kapu/hololive-shared/pkg/contracts/trigger"	"same_package_test"
"github.com/kapu/hololive-api/internal/planes/llm/internal/service/majorevent/scheduler"	"github.com/kapu/hololive-shared/pkg/domain"	"same_package_test"
"github.com/kapu/hololive-api/internal/planes/llm/internal/service/majorevent/scheduler"	"github.com/kapu/hololive-shared/pkg/service/delivery"	"same_package_test"
"github.com/kapu/hololive-api/internal/planes/llm/internal/service/majorevent/scraper"	"github.com/kapu/hololive-api/internal/planes/llm/internal/service/majorevent"	"production"
"github.com/kapu/hololive-api/internal/planes/llm/internal/service/majorevent/scraper"	"github.com/kapu/hololive-shared/pkg/domain"	"production"
"github.com/kapu/hololive-api/internal/planes/llm/internal/service/majorevent/scraper"	"github.com/kapu/hololive-shared/pkg/util"	"production"
"github.com/kapu/hololive-api/internal/planes/llm/internal/service/majorevent/scraper"	"github.com/kapu/hololive-shared/pkg/domain"	"same_package_test"
"github.com/kapu/hololive-api/internal/planes/llm/internal/service/majorevent/summarizer"	"github.com/kapu/hololive-api/internal/planes/llm/internal/guardrail"	"production"
"github.com/kapu/hololive-api/internal/planes/llm/internal/service/majorevent/summarizer"	"github.com/kapu/hololive-api/internal/planes/llm/internal/model"	"production"
"github.com/kapu/hololive-api/internal/planes/llm/internal/service/majorevent/summarizer"	"github.com/kapu/hololive-api/internal/planes/llm/internal/service/consensus"	"production"
"github.com/kapu/hololive-api/internal/planes/llm/internal/service/majorevent/summarizer"	"github.com/kapu/hololive-shared/pkg/config/settings"	"production"
"github.com/kapu/hololive-api/internal/planes/llm/internal/service/majorevent/summarizer"	"github.com/kapu/hololive-shared/pkg/constants"	"production"
"github.com/kapu/hololive-api/internal/planes/llm/internal/service/majorevent/summarizer"	"github.com/kapu/hololive-shared/pkg/domain"	"production"
"github.com/kapu/hololive-api/internal/planes/llm/internal/service/majorevent/summarizer"	"github.com/kapu/hololive-shared/pkg/util"	"production"
"github.com/kapu/hololive-api/internal/planes/llm/internal/service/majorevent/summarizer"	"github.com/kapu/hololive-api/internal/planes/llm/internal/guardrail"	"same_package_test"
"github.com/kapu/hololive-api/internal/planes/llm/internal/service/majorevent/summarizer"	"github.com/kapu/hololive-api/internal/planes/llm/internal/llm"	"same_package_test"
"github.com/kapu/hololive-api/internal/planes/llm/internal/service/majorevent/summarizer"	"github.com/kapu/hololive-api/internal/planes/llm/internal/model"	"same_package_test"
"github.com/kapu/hololive-api/internal/planes/llm/internal/service/majorevent/summarizer"	"github.com/kapu/hololive-api/internal/planes/llm/internal/service/consensus"	"same_package_test"
"github.com/kapu/hololive-api/internal/planes/llm/internal/service/majorevent/summarizer"	"github.com/kapu/hololive-shared/pkg/domain"	"same_package_test"
"github.com/kapu/hololive-api/internal/planes/llm/internal/service/membernews"	"github.com/kapu/hololive-api/internal/planes/llm/internal/guardrail"	"production"
"github.com/kapu/hololive-api/internal/planes/llm/internal/service/membernews"	"github.com/kapu/hololive-api/internal/planes/llm/internal/model"	"production"
"github.com/kapu/hololive-api/internal/planes/llm/internal/service/membernews"	"github.com/kapu/hololive-api/internal/planes/llm/internal/service/membernews/filter"	"production"
"github.com/kapu/hololive-api/internal/planes/llm/internal/service/membernews"	"github.com/kapu/hololive-api/internal/planes/llm/internal/service/membernews/model"	"production"
"github.com/kapu/hololive-api/internal/planes/llm/internal/service/membernews"	"github.com/kapu/hololive-api/internal/planes/llm/internal/service/membernews/summarizer"	"production"
"github.com/kapu/hololive-api/internal/planes/llm/internal/service/membernews"	"github.com/kapu/hololive-api/internal/planes/llm/internal/service/subscription"	"production"
"github.com/kapu/hololive-api/internal/planes/llm/internal/service/membernews"	"github.com/kapu/hololive-shared/pkg/domain"	"production"
"github.com/kapu/hololive-api/internal/planes/llm/internal/service/membernews"	"github.com/kapu/hololive-shared/pkg/service/database"	"production"
"github.com/kapu/hololive-api/internal/planes/llm/internal/service/membernews"	"github.com/kapu/hololive-shared/pkg/sqlassets"	"production"
"github.com/kapu/hololive-api/internal/planes/llm/internal/service/membernews"	"github.com/kapu/hololive-api/internal/planes/llm/internal/model"	"same_package_test"
"github.com/kapu/hololive-api/internal/planes/llm/internal/service/membernews"	"github.com/kapu/hololive-api/internal/planes/llm/internal/service/membernews/model"	"same_package_test"
"github.com/kapu/hololive-api/internal/planes/llm/internal/service/membernews"	"github.com/kapu/hololive-dbtest"	"same_package_test"
"github.com/kapu/hololive-api/internal/planes/llm/internal/service/membernews"	"github.com/kapu/hololive-shared/pkg/domain"	"same_package_test"
"github.com/kapu/hololive-api/internal/planes/llm/internal/service/membernews"	"github.com/kapu/hololive-shared/pkg/service/database/mocks"	"same_package_test"
"github.com/kapu/hololive-api/internal/planes/llm/internal/service/membernews/filter"	"github.com/kapu/hololive-api/internal/planes/llm/internal/service/membernews/model"	"production"
"github.com/kapu/hololive-api/internal/planes/llm/internal/service/membernews/filter"	"github.com/kapu/hololive-shared/pkg/domain"	"production"
"github.com/kapu/hololive-api/internal/planes/llm/internal/service/membernews/filter"	"github.com/kapu/hololive-shared/pkg/util"	"production"
"github.com/kapu/hololive-api/internal/planes/llm/internal/service/membernews/filter"	"github.com/kapu/hololive-api/internal/planes/llm/internal/service/membernews/model"	"same_package_test"
"github.com/kapu/hololive-api/internal/planes/llm/internal/service/membernews/filter"	"github.com/kapu/hololive-shared/pkg/domain"	"same_package_test"
"github.com/kapu/hololive-api/internal/planes/llm/internal/service/membernews/filter"	"github.com/kapu/hololive-shared/pkg/util"	"same_package_test"
"github.com/kapu/hololive-api/internal/planes/llm/internal/service/membernews/model"	"github.com/kapu/hololive-api/internal/planes/llm/internal/model"	"production"
"github.com/kapu/hololive-api/internal/planes/llm/internal/service/membernews/model"	"github.com/kapu/hololive-shared/pkg/domain"	"production"
"github.com/kapu/hololive-api/internal/planes/llm/internal/service/membernews/model"	"github.com/kapu/hololive-api/internal/planes/llm/internal/service/membernews/model"	"external_test"
"github.com/kapu/hololive-api/internal/planes/llm/internal/service/membernews/scheduler"	"github.com/kapu/hololive-api/internal/planes/llm/internal/guardrail"	"production"
"github.com/kapu/hololive-api/internal/planes/llm/internal/service/membernews/scheduler"	"github.com/kapu/hololive-api/internal/planes/llm/internal/schedulerkit"	"production"
"github.com/kapu/hololive-api/internal/planes/llm/internal/service/membernews/scheduler"	"github.com/kapu/hololive-api/internal/planes/llm/internal/service/membernews/model"	"production"
"github.com/kapu/hololive-api/internal/planes/llm/internal/service/membernews/scheduler"	"github.com/kapu/hololive-shared/pkg/domain"	"production"
"github.com/kapu/hololive-api/internal/planes/llm/internal/service/membernews/scheduler"	"github.com/kapu/hololive-shared/pkg/service/delivery"	"production"
"github.com/kapu/hololive-api/internal/planes/llm/internal/service/membernews/scheduler"	"github.com/kapu/hololive-shared/pkg/util"	"production"
"github.com/kapu/hololive-api/internal/planes/llm/internal/service/membernews/scheduler"	"github.com/kapu/hololive-api/internal/planes/llm/internal/service/membernews/model"	"same_package_test"
"github.com/kapu/hololive-api/internal/planes/llm/internal/service/membernews/scheduler"	"github.com/kapu/hololive-shared/pkg/domain"	"same_package_test"
"github.com/kapu/hololive-api/internal/planes/llm/internal/service/membernews/scheduler"	"github.com/kapu/hololive-shared/pkg/service/delivery"	"same_package_test"
"github.com/kapu/hololive-api/internal/planes/llm/internal/service/membernews/scheduler"	"github.com/kapu/hololive-shared/pkg/util"	"same_package_test"
"github.com/kapu/hololive-api/internal/planes/llm/internal/service/membernews/summarizer"	"github.com/kapu/hololive-api/internal/planes/llm/internal/guardrail"	"production"
"github.com/kapu/hololive-api/internal/planes/llm/internal/service/membernews/summarizer"	"github.com/kapu/hololive-api/internal/planes/llm/internal/model"	"production"
"github.com/kapu/hololive-api/internal/planes/llm/internal/service/membernews/summarizer"	"github.com/kapu/hololive-api/internal/planes/llm/internal/service/consensus"	"production"
"github.com/kapu/hololive-api/internal/planes/llm/internal/service/membernews/summarizer"	"github.com/kapu/hololive-api/internal/planes/llm/internal/service/membernews/model"	"production"
"github.com/kapu/hololive-api/internal/planes/llm/internal/service/membernews/summarizer"	"github.com/kapu/hololive-shared/pkg/util"	"production"
"github.com/kapu/hololive-api/internal/planes/llm/internal/service/membernews/summarizer"	"github.com/kapu/hololive-api/internal/planes/llm/internal/llm"	"same_package_test"
"github.com/kapu/hololive-api/internal/planes/llm/internal/service/membernews/summarizer"	"github.com/kapu/hololive-api/internal/planes/llm/internal/model"	"same_package_test"
"github.com/kapu/hololive-api/internal/planes/llm/internal/service/membernews/summarizer"	"github.com/kapu/hololive-api/internal/planes/llm/internal/service/consensus"	"same_package_test"
"github.com/kapu/hololive-api/internal/planes/llm/internal/service/membernews/summarizer"	"github.com/kapu/hololive-api/internal/planes/llm/internal/service/membernews/model"	"same_package_test"
"github.com/kapu/hololive-api/internal/planes/llm/internal/service/membernews/summarizer"	"github.com/kapu/hololive-shared/pkg/util"	"same_package_test"
"github.com/kapu/hololive-api/internal/planes/llm/internal/service/membernews/summarizer"	"github.com/kapu/hololive-api/internal/planes/llm/internal/service/membernews"	"external_test"
"github.com/kapu/hololive-api/internal/planes/llm/internal/service/membernews/summarizer"	"github.com/kapu/hololive-api/internal/planes/llm/internal/service/membernews/filter"	"external_test"
"github.com/kapu/hololive-api/internal/planes/llm/internal/service/membernews/summarizer"	"github.com/kapu/hololive-api/internal/planes/llm/internal/service/membernews/model"	"external_test"
"github.com/kapu/hololive-api/internal/planes/llm/internal/service/membernews/summarizer"	"github.com/kapu/hololive-api/internal/planes/llm/internal/service/membernews/summarizer"	"external_test"
"github.com/kapu/hololive-api/internal/planes/llm/runtime"	"github.com/kapu/hololive-api/internal/planes/llm/internal/llm"	"production"
"github.com/kapu/hololive-api/internal/planes/llm/runtime"	"github.com/kapu/hololive-api/internal/planes/llm/internal/model"	"production"
"github.com/kapu/hololive-api/internal/planes/llm/runtime"	"github.com/kapu/hololive-api/internal/planes/llm/internal/service/consensus"	"production"
"github.com/kapu/hololive-api/internal/planes/llm/runtime"	"github.com/kapu/hololive-api/internal/planes/llm/internal/service/majorevent"	"production"
"github.com/kapu/hololive-api/internal/planes/llm/runtime"	"github.com/kapu/hololive-api/internal/planes/llm/internal/service/majorevent/scheduler"	"production"
"github.com/kapu/hololive-api/internal/planes/llm/runtime"	"github.com/kapu/hololive-api/internal/planes/llm/internal/service/majorevent/scraper"	"production"
"github.com/kapu/hololive-api/internal/planes/llm/runtime"	"github.com/kapu/hololive-api/internal/planes/llm/internal/service/majorevent/summarizer"	"production"
"github.com/kapu/hololive-api/internal/planes/llm/runtime"	"github.com/kapu/hololive-api/internal/planes/llm/internal/service/membernews"	"production"
"github.com/kapu/hololive-api/internal/planes/llm/runtime"	"github.com/kapu/hololive-api/internal/planes/llm/internal/service/membernews/model"	"production"
"github.com/kapu/hololive-api/internal/planes/llm/runtime"	"github.com/kapu/hololive-api/internal/planes/llm/internal/service/membernews/scheduler"	"production"
"github.com/kapu/hololive-api/internal/planes/llm/runtime"	"github.com/kapu/hololive-api/internal/planes/llm/internal/service/membernews/summarizer"	"production"
"github.com/kapu/hololive-api/internal/planes/llm/runtime"	"github.com/kapu/hololive-api/internal/readiness"	"production"
"github.com/kapu/hololive-api/internal/planes/llm/runtime"	"github.com/kapu/hololive-api/internal/templateview"	"production"
"github.com/kapu/hololive-api/internal/planes/llm/runtime"	"github.com/kapu/hololive-shared/pkg/config/settings"	"production"
"github.com/kapu/hololive-api/internal/planes/llm/runtime"	"github.com/kapu/hololive-shared/pkg/config/settings/apiplane"	"production"
"github.com/kapu/hololive-api/internal/planes/llm/runtime"	"github.com/kapu/hololive-shared/pkg/constants"	"production"
"github.com/kapu/hololive-api/internal/planes/llm/runtime"	"github.com/kapu/hololive-shared/pkg/contracts/majorevent"	"production"
"github.com/kapu/hololive-api/internal/planes/llm/runtime"	"github.com/kapu/hololive-shared/pkg/contracts/membernews"	"production"
"github.com/kapu/hololive-api/internal/planes/llm/runtime"	"github.com/kapu/hololive-shared/pkg/contracts/subscription"	"production"
"github.com/kapu/hololive-api/internal/planes/llm/runtime"	"github.com/kapu/hololive-shared/pkg/domain"	"production"
"github.com/kapu/hololive-api/internal/planes/llm/runtime"	"github.com/kapu/hololive-shared/pkg/providers"	"production"
"github.com/kapu/hololive-api/internal/planes/llm/runtime"	"github.com/kapu/hololive-shared/pkg/readiness"	"production"
"github.com/kapu/hololive-api/internal/planes/llm/runtime"	"github.com/kapu/hololive-shared/pkg/server/httpserver"	"production"
"github.com/kapu/hololive-api/internal/planes/llm/runtime"	"github.com/kapu/hololive-shared/pkg/server/middleware"	"production"
"github.com/kapu/hololive-api/internal/planes/llm/runtime"	"github.com/kapu/hololive-shared/pkg/service/cache"	"production"
"github.com/kapu/hololive-api/internal/planes/llm/runtime"	"github.com/kapu/hololive-shared/pkg/service/database"	"production"
"github.com/kapu/hololive-api/internal/planes/llm/runtime"	"github.com/kapu/hololive-shared/pkg/service/delivery"	"production"
"github.com/kapu/hololive-api/internal/planes/llm/runtime"	"github.com/kapu/hololive-shared/pkg/service/member"	"production"
"github.com/kapu/hololive-api/internal/planes/llm/runtime"	"github.com/kapu/hololive-shared/pkg/service/messagestrings"	"production"
"github.com/kapu/hololive-api/internal/planes/llm/runtime"	"github.com/kapu/hololive-shared/pkg/service/template"	"production"
"github.com/kapu/hololive-api/internal/planes/llm/runtime"	"github.com/kapu/hololive-api/internal/planes/llm/internal/llm"	"same_package_test"
"github.com/kapu/hololive-api/internal/planes/llm/runtime"	"github.com/kapu/hololive-api/internal/planes/llm/internal/service/majorevent"	"same_package_test"
"github.com/kapu/hololive-api/internal/planes/llm/runtime"	"github.com/kapu/hololive-api/internal/planes/llm/internal/service/majorevent/scheduler"	"same_package_test"
"github.com/kapu/hololive-api/internal/planes/llm/runtime"	"github.com/kapu/hololive-api/internal/planes/llm/internal/service/majorevent/summarizer"	"same_package_test"
"github.com/kapu/hololive-api/internal/planes/llm/runtime"	"github.com/kapu/hololive-api/internal/planes/llm/internal/service/membernews"	"same_package_test"
"github.com/kapu/hololive-api/internal/planes/llm/runtime"	"github.com/kapu/hololive-api/internal/planes/llm/internal/service/membernews/model"	"same_package_test"
"github.com/kapu/hololive-api/internal/planes/llm/runtime"	"github.com/kapu/hololive-dbtest"	"same_package_test"
"github.com/kapu/hololive-api/internal/planes/llm/runtime"	"github.com/kapu/hololive-shared/pkg/config/settings"	"same_package_test"
"github.com/kapu/hololive-api/internal/planes/llm/runtime"	"github.com/kapu/hololive-shared/pkg/config/settings/apiplane"	"same_package_test"
"github.com/kapu/hololive-api/internal/planes/llm/runtime"	"github.com/kapu/hololive-shared/pkg/constants"	"same_package_test"
"github.com/kapu/hololive-api/internal/planes/llm/runtime"	"github.com/kapu/hololive-shared/pkg/contracts/common"	"same_package_test"
"github.com/kapu/hololive-api/internal/planes/llm/runtime"	"github.com/kapu/hololive-shared/pkg/contracts/majorevent"	"same_package_test"
"github.com/kapu/hololive-api/internal/planes/llm/runtime"	"github.com/kapu/hololive-shared/pkg/contracts/membernews"	"same_package_test"
"github.com/kapu/hololive-api/internal/planes/llm/runtime"	"github.com/kapu/hololive-shared/pkg/contracts/trigger"	"same_package_test"
"github.com/kapu/hololive-api/internal/planes/llm/runtime"	"github.com/kapu/hololive-shared/pkg/domain"	"same_package_test"
"github.com/kapu/hololive-api/internal/planes/llm/runtime"	"github.com/kapu/hololive-shared/pkg/server/httpserver"	"same_package_test"
"github.com/kapu/hololive-api/internal/planes/llm/runtime"	"github.com/kapu/hololive-shared/pkg/service/cache/mocks"	"same_package_test"
"github.com/kapu/hololive-api/internal/planes/llm/runtime"	"github.com/kapu/hololive-shared/pkg/service/database"	"same_package_test"
"github.com/kapu/hololive-api/internal/planes/llm/runtime"	"github.com/kapu/hololive-shared/pkg/service/delivery"	"same_package_test"
"github.com/kapu/hololive-api/internal/planes/llm/runtime"	"github.com/kapu/hololive-shared/pkg/service/messagestrings"	"same_package_test"
"github.com/kapu/hololive-api/internal/planes/llm/runtime"	"github.com/kapu/hololive-shared/pkg/service/template"	"same_package_test"
"github.com/kapu/hololive-api/internal/planes/youtube/runtime"	"github.com/kapu/hololive-api/internal/planes/youtube/targetprojection"	"production"
"github.com/kapu/hololive-api/internal/planes/youtube/runtime"	"github.com/kapu/hololive-shared/pkg/config/settings"	"production"
"github.com/kapu/hololive-api/internal/planes/youtube/runtime"	"github.com/kapu/hololive-shared/pkg/config/settings/apiplane"	"production"
"github.com/kapu/hololive-api/internal/planes/youtube/runtime"	"github.com/kapu/hololive-shared/pkg/contracts/sourceobservation"	"production"
"github.com/kapu/hololive-api/internal/planes/youtube/runtime"	"github.com/kapu/hololive-shared/pkg/dbx"	"production"
"github.com/kapu/hololive-api/internal/planes/youtube/runtime"	"github.com/kapu/hololive-shared/pkg/providers"	"production"
"github.com/kapu/hololive-api/internal/planes/youtube/runtime"	"github.com/kapu/hololive-shared/pkg/service/youtube/poller/runtime/batchrepo"	"production"
"github.com/kapu/hololive-api/internal/planes/youtube/runtime"	"github.com/kapu/hololive-shared/pkg/service/youtube/sourceobservation"	"production"
"github.com/kapu/hololive-api/internal/planes/youtube/runtime"	"github.com/kapu/hololive-shared/pkg/sqlassets"	"production"
"github.com/kapu/hololive-api/internal/planes/youtube/runtime"	"github.com/kapu/hololive-api/internal/planes/youtube/targetprojection"	"same_package_test"
"github.com/kapu/hololive-api/internal/planes/youtube/runtime"	"github.com/kapu/hololive-dbtest"	"same_package_test"
"github.com/kapu/hololive-api/internal/planes/youtube/runtime"	"github.com/kapu/hololive-shared/pkg/config/settings"	"same_package_test"
"github.com/kapu/hololive-api/internal/planes/youtube/runtime"	"github.com/kapu/hololive-shared/pkg/config/settings/apiplane"	"same_package_test"
"github.com/kapu/hololive-api/internal/planes/youtube/runtime"	"github.com/kapu/hololive-shared/pkg/contracts/sourceobservation"	"same_package_test"
"github.com/kapu/hololive-api/internal/planes/youtube/runtime"	"github.com/kapu/hololive-shared/pkg/dbx"	"same_package_test"
"github.com/kapu/hololive-api/internal/planes/youtube/runtime"	"github.com/kapu/hololive-shared/pkg/service/youtube/sourceobservation"	"same_package_test"
"github.com/kapu/hololive-api/internal/planes/youtube/targetprojection"	"github.com/kapu/hololive-shared/pkg/contracts/sourceobservation"	"production"
"github.com/kapu/hololive-api/internal/planes/youtube/targetprojection"	"github.com/kapu/hololive-shared/pkg/dbx"	"production"
"github.com/kapu/hololive-api/internal/planes/youtube/targetprojection"	"github.com/kapu/hololive-shared/pkg/sqlassets"	"production"
"github.com/kapu/hololive-api/internal/planes/youtube/targetprojection"	"github.com/kapu/hololive-dbtest"	"same_package_test"
"github.com/kapu/hololive-api/internal/planes/youtube/targetprojection"	"github.com/kapu/hololive-shared/pkg/contracts/sourceobservation"	"same_package_test"
"github.com/kapu/hololive-api/internal/planes/youtube/targetprojection"	"github.com/kapu/hololive-shared/pkg/dbx"	"same_package_test"
"github.com/kapu/hololive-api/internal/readiness"	"github.com/kapu/hololive-shared/pkg/readiness"	"production"
"github.com/kapu/hololive-api/internal/readiness"	"github.com/kapu/hololive-shared/pkg/readiness"	"same_package_test"
"github.com/kapu/hololive-api/internal/server/settings"	"github.com/kapu/hololive-shared/pkg/domain"	"production"
"github.com/kapu/hololive-api/internal/service/acl"	"github.com/kapu/hololive-shared/pkg/constants"	"production"
"github.com/kapu/hololive-api/internal/service/acl"	"github.com/kapu/hololive-shared/pkg/service/database"	"production"
"github.com/kapu/hololive-api/internal/service/acl"	"github.com/kapu/hololive-shared/pkg/sqlassets"	"production"
"github.com/kapu/hololive-api/internal/service/acl"	"github.com/kapu/hololive-dbtest"	"same_package_test"
"github.com/kapu/hololive-api/internal/service/acl"	"github.com/kapu/hololive-shared/pkg/service/database/mocks"	"same_package_test"
"github.com/kapu/hololive-api/internal/service/member/mocks"	"github.com/kapu/hololive-shared/pkg/domain"	"production"
"github.com/kapu/hololive-api/internal/service/settings/mocks"	"github.com/kapu/hololive-shared/pkg/service/settings"	"production"
"github.com/kapu/hololive-api/internal/service/subscriptionclient"	"github.com/kapu/hololive-shared/pkg/contracts/subscription"	"production"
"github.com/kapu/hololive-api/internal/service/subscriptionclient"	"github.com/kapu/hololive-shared/pkg/service/internalhttp"	"production"
"github.com/kapu/hololive-api/internal/service/subscriptionclient"	"github.com/kapu/hololive-api/internal/service/subscriptionclient"	"external_test"
"github.com/kapu/hololive-api/internal/service/subscriptionclient"	"github.com/kapu/hololive-shared/pkg/contracts/subscription"	"external_test"
"github.com/kapu/hololive-api/internal/service/subscriptionclient"	"github.com/kapu/hololive-shared/pkg/service/internalhttp"	"external_test"
"github.com/kapu/hololive-api/internal/templateview"	"github.com/kapu/hololive-shared/pkg/contracts/membernews"	"production"
"github.com/kapu/hololive-api/internal/templateview"	"github.com/kapu/hololive-shared/pkg/domain"	"production"
"github.com/kapu/hololive-api/internal/templateview"	"github.com/kapu/hololive-shared/pkg/service/messagestrings"	"production"
"github.com/kapu/hololive-api/internal/templateview"	"github.com/kapu/hololive-shared/pkg/util"	"production"
"github.com/kapu/hololive-api/internal/templateview"	"github.com/kapu/hololive-dbtest"	"same_package_test"
"github.com/kapu/hololive-api/internal/templateview"	"github.com/kapu/hololive-shared/pkg/contracts/membernews"	"same_package_test"
"github.com/kapu/hololive-api/internal/templateview"	"github.com/kapu/hololive-shared/pkg/domain"	"same_package_test"
"github.com/kapu/hololive-api/internal/templateview"	"github.com/kapu/hololive-shared/pkg/service/messagestrings"	"same_package_test"
"github.com/kapu/hololive-api/internal/templateview"	"github.com/kapu/hololive-shared/pkg/util"	"same_package_test"
"github.com/kapu/hololive-dbtest"	"github.com/kapu/hololive-shared/pkg/pgxutil"	"production"
"github.com/kapu/hololive-dbtest"	"github.com/kapu/hololive-shared/pkg/sqlsplit"	"production"
"github.com/kapu/hololive-dbtest"	"github.com/kapu/hololive-shared/pkg/domain"	"same_package_test"
"github.com/kapu/hololive-dbtest"	"github.com/kapu/hololive-shared/pkg/service/alarm/dispatchoutbox"	"same_package_test"
"github.com/kapu/hololive-dbtest"	"github.com/kapu/hololive-shared/pkg/sqlsplit"	"same_package_test"
"github.com/kapu/hololive-shared/internal/service/holodex/provider/apiclient"	"github.com/kapu/hololive-shared/pkg/config/settings"	"production"
"github.com/kapu/hololive-shared/internal/service/holodex/provider/apiclient"	"github.com/kapu/hololive-shared/pkg/constants"	"production"
"github.com/kapu/hololive-shared/internal/service/holodex/provider/apiclient"	"github.com/kapu/hololive-shared/pkg/service/ratelimit"	"production"
"github.com/kapu/hololive-shared/internal/service/holodex/provider/apiclient"	"github.com/kapu/hololive-shared/pkg/util"	"production"
"github.com/kapu/hololive-shared/internal/service/holodex/provider/apiclient"	"github.com/kapu/hololive-shared/pkg/config/settings"	"same_package_test"
"github.com/kapu/hololive-shared/internal/service/holodex/provider/apiclient"	"github.com/kapu/hololive-shared/pkg/constants"	"same_package_test"
"github.com/kapu/hololive-shared/internal/service/holodex/provider/apiclient"	"github.com/kapu/hololive-shared/pkg/service/ratelimit"	"same_package_test"
"github.com/kapu/hololive-shared/internal/service/holodex/provider/apiclient"	"github.com/kapu/hololive-shared/pkg/util"	"same_package_test"
"github.com/kapu/hololive-shared/internal/service/holodex/provider/htmlscraper"	"github.com/kapu/hololive-shared/pkg/config/settings"	"production"
"github.com/kapu/hololive-shared/internal/service/holodex/provider/htmlscraper"	"github.com/kapu/hololive-shared/pkg/domain"	"production"
"github.com/kapu/hololive-shared/internal/service/holodex/provider/htmlscraper"	"github.com/kapu/hololive-shared/pkg/service/officialidentity"	"production"
"github.com/kapu/hololive-shared/internal/service/holodex/provider/htmlscraper"	"github.com/kapu/hololive-shared/pkg/service/youtube/scraper/scraping"	"production"
"github.com/kapu/hololive-shared/internal/service/holodex/provider/htmlscraper"	"github.com/kapu/hololive-shared/pkg/service/youtube/scraper/scraping/parser"	"production"
"github.com/kapu/hololive-shared/internal/service/holodex/provider/htmlscraper"	"github.com/kapu/hololive-shared/pkg/config/settings"	"same_package_test"
"github.com/kapu/hololive-shared/internal/service/holodex/provider/htmlscraper"	"github.com/kapu/hololive-shared/pkg/domain"	"same_package_test"
"github.com/kapu/hololive-shared/internal/service/holodex/provider/htmlscraper"	"github.com/kapu/hololive-shared/pkg/service/youtube/scraper/scraping"	"same_package_test"
"github.com/kapu/hololive-shared/internal/service/holodex/provider/htmlscraper"	"github.com/kapu/hololive-shared/pkg/service/youtube/scraper/scraping/ratelimiter"	"same_package_test"
"github.com/kapu/hololive-shared/internal/service/holodex/provider/streammapping"	"github.com/kapu/hololive-shared/pkg/constants"	"production"
"github.com/kapu/hololive-shared/internal/service/holodex/provider/streammapping"	"github.com/kapu/hololive-shared/pkg/domain"	"production"
"github.com/kapu/hololive-shared/internal/service/notification/alarmcache"	"github.com/kapu/hololive-shared/pkg/domain"	"production"
"github.com/kapu/hololive-shared/internal/service/notification/alarmcache"	"github.com/kapu/hololive-shared/pkg/service/alarm"	"production"
"github.com/kapu/hololive-shared/internal/service/notification/alarmcache"	"github.com/kapu/hololive-shared/pkg/service/alarm/keys"	"production"
"github.com/kapu/hololive-shared/internal/service/notification/alarmcache"	"github.com/kapu/hololive-shared/pkg/service/cache"	"production"
"github.com/kapu/hololive-shared/internal/service/notification/alarmcache"	"github.com/kapu/hololive-shared/pkg/service/alarm/keys"	"same_package_test"
"github.com/kapu/hololive-shared/internal/service/template/sampledata"	"github.com/kapu/hololive-shared/pkg/domain"	"production"
"github.com/kapu/hololive-shared/internal/service/template/sampledata"	"github.com/kapu/hololive-shared/internal/service/template/sampledata"	"external_test"
"github.com/kapu/hololive-shared/internal/service/template/sampledata"	"github.com/kapu/hololive-shared/pkg/domain"	"external_test"
"github.com/kapu/hololive-shared/internal/service/youtube/community"	"github.com/kapu/hololive-shared/pkg/contracts/sourceobservation"	"production"
"github.com/kapu/hololive-shared/internal/service/youtube/community"	"github.com/kapu/hololive-shared/pkg/domain"	"production"
"github.com/kapu/hololive-shared/internal/service/youtube/community"	"github.com/kapu/hololive-shared/pkg/service/youtube/poller/runtime"	"production"
"github.com/kapu/hololive-shared/internal/service/youtube/community"	"github.com/kapu/hololive-shared/pkg/service/youtube/scraper/scraping/parser"	"production"
"github.com/kapu/hololive-shared/internal/service/youtube/community"	"github.com/kapu/hololive-shared/pkg/service/youtube/timestamp"	"production"
"github.com/kapu/hololive-shared/internal/service/youtube/community"	"github.com/kapu/hololive-shared/pkg/contracts/sourceobservation"	"same_package_test"
"github.com/kapu/hololive-shared/internal/service/youtube/community"	"github.com/kapu/hololive-shared/pkg/service/youtube/scraper/scraping/parser"	"same_package_test"
"github.com/kapu/hololive-shared/internal/service/youtube/community"	"github.com/kapu/hololive-shared/pkg/service/youtube/timestamp"	"same_package_test"
"github.com/kapu/hololive-shared/internal/service/youtube/reconcile/content"	"github.com/kapu/hololive-shared/pkg/contracts/sourceobservation"	"production"
"github.com/kapu/hololive-shared/internal/service/youtube/reconcile/content"	"github.com/kapu/hololive-shared/pkg/domain"	"production"
"github.com/kapu/hololive-shared/internal/service/youtube/reconcile/content"	"github.com/kapu/hololive-shared/pkg/service/youtube/poller/runtime"	"production"
"github.com/kapu/hololive-shared/internal/service/youtube/reconcile/content"	"github.com/kapu/hololive-shared/pkg/contracts/sourceobservation"	"same_package_test"
"github.com/kapu/hololive-shared/internal/service/youtube/reconcile/live"	"github.com/kapu/hololive-shared/pkg/contracts/sourceobservation"	"production"
"github.com/kapu/hololive-shared/internal/service/youtube/reconcile/live"	"github.com/kapu/hololive-shared/pkg/domain"	"production"
"github.com/kapu/hololive-shared/internal/service/youtube/reconcile/live"	"github.com/kapu/hololive-shared/pkg/contracts/sourceobservation"	"same_package_test"
"github.com/kapu/hololive-shared/internal/service/youtube/reconcile/photo"	"github.com/kapu/hololive-shared/pkg/contracts/sourceobservation"	"production"
"github.com/kapu/hololive-shared/internal/service/youtube/reconcile/photo"	"github.com/kapu/hololive-shared/pkg/contracts/sourceobservation"	"same_package_test"
"github.com/kapu/hololive-shared/internal/service/youtube/reconcile/profile"	"github.com/kapu/hololive-shared/pkg/contracts/sourceobservation"	"production"
"github.com/kapu/hololive-shared/internal/service/youtube/reconcile/profile"	"github.com/kapu/hololive-shared/pkg/contracts/sourceobservation"	"same_package_test"
"github.com/kapu/hololive-shared/internal/service/youtube/reconcile/schedule"	"github.com/kapu/hololive-shared/pkg/contracts/sourceobservation"	"production"
"github.com/kapu/hololive-shared/internal/service/youtube/reconcile/schedule"	"github.com/kapu/hololive-shared/pkg/domain"	"production"
"github.com/kapu/hololive-shared/internal/service/youtube/reconcile/schedule"	"github.com/kapu/hololive-shared/pkg/contracts/sourceobservation"	"same_package_test"
"github.com/kapu/hololive-shared/internal/service/youtube/reconcile/schedule"	"github.com/kapu/hololive-shared/pkg/domain"	"same_package_test"
"github.com/kapu/hololive-shared/internal/service/youtube/reconcile/viewer"	"github.com/kapu/hololive-shared/pkg/contracts/sourceobservation"	"production"
"github.com/kapu/hololive-shared/internal/service/youtube/reconcile/viewer"	"github.com/kapu/hololive-shared/pkg/contracts/sourceobservation"	"same_package_test"
"github.com/kapu/hololive-shared/internal/testutil"	"github.com/kapu/hololive-shared/internal/testredis"	"production"
"github.com/kapu/hololive-shared/internal/testutil"	"github.com/kapu/hololive-shared/pkg/service/cache"	"production"
"github.com/kapu/hololive-shared/internal/testutil/cacheclient"	"github.com/kapu/hololive-shared/internal/testredis"	"production"
"github.com/kapu/hololive-shared/pkg/applifecycle"	"github.com/kapu/hololive-shared/pkg/constants"	"production"
"github.com/kapu/hololive-shared/pkg/config/settings"	"github.com/kapu/hololive-shared/pkg/config/settings/internal/load"	"production"
"github.com/kapu/hololive-shared/pkg/config/settings"	"github.com/kapu/hololive-shared/pkg/constants"	"production"
"github.com/kapu/hololive-shared/pkg/config/settings"	"github.com/kapu/hololive-shared/pkg/config/settings/internal/load"	"same_package_test"
"github.com/kapu/hololive-shared/pkg/config/settings"	"github.com/kapu/hololive-shared/pkg/config/settings/internal/settingstest"	"same_package_test"
"github.com/kapu/hololive-shared/pkg/config/settings"	"github.com/kapu/hololive-shared/pkg/contracts/shortlink"	"same_package_test"
"github.com/kapu/hololive-shared/pkg/config/settings/alarmworker"	"github.com/kapu/hololive-shared/pkg/config/settings"	"production"
"github.com/kapu/hololive-shared/pkg/config/settings/alarmworker"	"github.com/kapu/hololive-shared/pkg/config/settings/internal/load"	"production"
"github.com/kapu/hololive-shared/pkg/config/settings/alarmworker"	"github.com/kapu/hololive-shared/pkg/config/settings"	"same_package_test"
"github.com/kapu/hololive-shared/pkg/config/settings/alarmworker"	"github.com/kapu/hololive-shared/pkg/config/settings/internal/load"	"same_package_test"
"github.com/kapu/hololive-shared/pkg/config/settings/alarmworker"	"github.com/kapu/hololive-shared/pkg/config/settings/internal/settingstest"	"same_package_test"
"github.com/kapu/hololive-shared/pkg/config/settings/apiplane"	"github.com/kapu/hololive-shared/pkg/config/settings"	"production"
"github.com/kapu/hololive-shared/pkg/config/settings/apiplane"	"github.com/kapu/hololive-shared/pkg/config/settings/internal/load"	"production"
"github.com/kapu/hololive-shared/pkg/config/settings/apiplane"	"github.com/kapu/hololive-shared/pkg/config/settings"	"same_package_test"
"github.com/kapu/hololive-shared/pkg/config/settings/apiplane"	"github.com/kapu/hololive-shared/pkg/config/settings/internal/load"	"same_package_test"
"github.com/kapu/hololive-shared/pkg/config/settings/apiplane"	"github.com/kapu/hololive-shared/pkg/config/settings/internal/settingstest"	"same_package_test"
"github.com/kapu/hololive-shared/pkg/config/settings/collector"	"github.com/kapu/hololive-shared/pkg/config/settings"	"production"
"github.com/kapu/hololive-shared/pkg/config/settings/collector"	"github.com/kapu/hololive-shared/pkg/config/settings/internal/load"	"production"
"github.com/kapu/hololive-shared/pkg/config/settings/collector"	"github.com/kapu/hololive-shared/pkg/config/settings"	"same_package_test"
"github.com/kapu/hololive-shared/pkg/config/settings/collector"	"github.com/kapu/hololive-shared/pkg/config/settings/internal/load"	"same_package_test"
"github.com/kapu/hololive-shared/pkg/config/settings/collector"	"github.com/kapu/hololive-shared/pkg/config/settings/internal/settingstest"	"same_package_test"
"github.com/kapu/hololive-shared/pkg/config/settings/internal/settingstest"	"github.com/kapu/hololive-shared/pkg/config/settings/internal/load"	"production"
"github.com/kapu/hololive-shared/pkg/contracts/alarm"	"github.com/kapu/hololive-shared/pkg/contracts/alarm"	"external_test"
"github.com/kapu/hololive-shared/pkg/contracts/alarm"	"github.com/kapu/hololive-shared/pkg/domain"	"external_test"
"github.com/kapu/hololive-shared/pkg/contracts/alarm"	"github.com/kapu/hololive-shared/pkg/service/alarm/keys"	"external_test"
"github.com/kapu/hololive-shared/pkg/contracts/common"	"github.com/kapu/hololive-shared/pkg/contracts/common"	"external_test"
"github.com/kapu/hololive-shared/pkg/contracts/trigger"	"github.com/kapu/hololive-shared/pkg/contracts/trigger"	"external_test"
"github.com/kapu/hololive-shared/pkg/dbx"	"github.com/kapu/hololive-shared/pkg/pgxutil"	"production"
"github.com/kapu/hololive-shared/pkg/dbx"	"github.com/kapu/hololive-dbtest"	"same_package_test"
"github.com/kapu/hololive-shared/pkg/domain"	"github.com/kapu/hololive-shared/pkg/util"	"production"
"github.com/kapu/hololive-shared/pkg/domain"	"github.com/kapu/hololive-shared/pkg/util"	"same_package_test"
"github.com/kapu/hololive-shared/pkg/domain"	"github.com/kapu/hololive-shared/pkg/domain"	"external_test"
"github.com/kapu/hololive-shared/pkg/domain/mekparkhost/cmd/classify-titles"	"github.com/kapu/hololive-shared/pkg/domain/mekparkhost"	"production"
"github.com/kapu/hololive-shared/pkg/providers"	"github.com/kapu/hololive-shared/internal/service/holodex/provider/htmlscraper"	"production"
"github.com/kapu/hololive-shared/pkg/providers"	"github.com/kapu/hololive-shared/pkg/config/settings"	"production"
"github.com/kapu/hololive-shared/pkg/providers"	"github.com/kapu/hololive-shared/pkg/domain"	"production"
"github.com/kapu/hololive-shared/pkg/providers"	"github.com/kapu/hololive-shared/pkg/service/cache"	"production"
"github.com/kapu/hololive-shared/pkg/providers"	"github.com/kapu/hololive-shared/pkg/service/database"	"production"
"github.com/kapu/hololive-shared/pkg/providers"	"github.com/kapu/hololive-shared/pkg/service/delivery"	"production"
"github.com/kapu/hololive-shared/pkg/providers"	"github.com/kapu/hololive-shared/pkg/service/holodex/provider"	"production"
"github.com/kapu/hololive-shared/pkg/providers"	"github.com/kapu/hololive-shared/pkg/service/member"	"production"
"github.com/kapu/hololive-shared/pkg/providers"	"github.com/kapu/hololive-shared/pkg/service/ratelimit"	"production"
"github.com/kapu/hololive-shared/pkg/providers"	"github.com/kapu/hololive-shared/pkg/service/youtube/scraper/scraping"	"production"
"github.com/kapu/hololive-shared/pkg/providers"	"github.com/kapu/hololive-shared/pkg/service/youtube/scraper/scraping/ratelimiter"	"production"
"github.com/kapu/hololive-shared/pkg/providers"	"github.com/kapu/hololive-dbtest"	"same_package_test"
"github.com/kapu/hololive-shared/pkg/providers"	"github.com/kapu/hololive-shared/pkg/config/settings"	"same_package_test"
"github.com/kapu/hololive-shared/pkg/providers"	"github.com/kapu/hololive-shared/pkg/service/cache/mocks"	"same_package_test"
"github.com/kapu/hololive-shared/pkg/providers"	"github.com/kapu/hololive-shared/pkg/service/database/mocks"	"same_package_test"
"github.com/kapu/hololive-shared/pkg/providers"	"github.com/kapu/hololive-shared/pkg/service/member"	"same_package_test"
"github.com/kapu/hololive-shared/pkg/providers"	"github.com/kapu/hololive-shared/pkg/service/youtube/scraper/scraping"	"same_package_test"
"github.com/kapu/hololive-shared/pkg/providers"	"github.com/kapu/hololive-shared/pkg/service/youtube/scraper/scraping/ratelimiter"	"same_package_test"
"github.com/kapu/hololive-shared/pkg/providers"	"github.com/kapu/hololive-shared/pkg/testutil"	"same_package_test"
"github.com/kapu/hololive-shared/pkg/providers/modules"	"github.com/kapu/hololive-shared/pkg/config/settings"	"production"
"github.com/kapu/hololive-shared/pkg/providers/modules"	"github.com/kapu/hololive-shared/pkg/providers"	"production"
"github.com/kapu/hololive-shared/pkg/providers/modules"	"github.com/kapu/hololive-shared/pkg/service/alarm/checker"	"production"
"github.com/kapu/hololive-shared/pkg/providers/modules"	"github.com/kapu/hololive-shared/pkg/service/cache"	"production"
"github.com/kapu/hololive-shared/pkg/providers/modules"	"github.com/kapu/hololive-shared/pkg/service/database"	"production"
"github.com/kapu/hololive-shared/pkg/providers/modules"	"github.com/kapu/hololive-shared/pkg/service/member"	"production"
"github.com/kapu/hololive-shared/pkg/providers/modules"	"github.com/kapu/hololive-shared/pkg/service/settings"	"production"
"github.com/kapu/hololive-shared/pkg/readiness"	"github.com/kapu/hololive-shared/pkg/service/cache"	"production"
"github.com/kapu/hololive-shared/pkg/readiness"	"github.com/kapu/hololive-shared/pkg/service/database"	"production"
"github.com/kapu/hololive-shared/pkg/repository"	"github.com/kapu/hololive-shared/pkg/domain"	"production"
"github.com/kapu/hololive-shared/pkg/repository"	"github.com/kapu/hololive-shared/pkg/sqlassets"	"production"
"github.com/kapu/hololive-shared/pkg/repository"	"github.com/kapu/hololive-dbtest"	"same_package_test"
"github.com/kapu/hololive-shared/pkg/repository"	"github.com/kapu/hololive-shared/pkg/domain"	"same_package_test"
"github.com/kapu/hololive-shared/pkg/repository"	"github.com/kapu/hololive-dbtest"	"external_test"
"github.com/kapu/hololive-shared/pkg/repository"	"github.com/kapu/hololive-shared/pkg/domain"	"external_test"
"github.com/kapu/hololive-shared/pkg/repository"	"github.com/kapu/hololive-shared/pkg/repository"	"external_test"
"github.com/kapu/hololive-shared/pkg/server/httpserver"	"github.com/kapu/hololive-shared/internal/workerobservability"	"production"
"github.com/kapu/hololive-shared/pkg/server/httpserver"	"github.com/kapu/hololive-shared/pkg/config/settings"	"production"
"github.com/kapu/hololive-shared/pkg/server/httpserver"	"github.com/kapu/hololive-shared/pkg/constants"	"production"
"github.com/kapu/hololive-shared/pkg/server/httpserver"	"github.com/kapu/hololive-shared/pkg/contracts/trigger"	"production"
"github.com/kapu/hololive-shared/pkg/server/httpserver"	"github.com/kapu/hololive-shared/pkg/domain"	"production"
"github.com/kapu/hololive-shared/pkg/server/httpserver"	"github.com/kapu/hololive-shared/pkg/server/middleware"	"production"
"github.com/kapu/hololive-shared/pkg/server/httpserver"	"github.com/kapu/hololive-shared/pkg/service/holodex/provider"	"production"
"github.com/kapu/hololive-shared/pkg/server/httpserver"	"github.com/kapu/hololive-shared/pkg/config/settings"	"same_package_test"
"github.com/kapu/hololive-shared/pkg/server/httpserver"	"github.com/kapu/hololive-shared/pkg/constants"	"same_package_test"
"github.com/kapu/hololive-shared/pkg/server/httpserver"	"github.com/kapu/hololive-shared/pkg/contracts/common"	"same_package_test"
"github.com/kapu/hololive-shared/pkg/server/httpserver"	"github.com/kapu/hololive-shared/pkg/contracts/trigger"	"same_package_test"
"github.com/kapu/hololive-shared/pkg/server/httpserver"	"github.com/kapu/hololive-shared/pkg/service/cache"	"same_package_test"
"github.com/kapu/hololive-shared/pkg/server/httpserver"	"github.com/kapu/hololive-shared/pkg/service/holodex/provider"	"same_package_test"
"github.com/kapu/hololive-shared/pkg/server/middleware"	"github.com/kapu/hololive-shared/pkg/constants"	"production"
"github.com/kapu/hololive-shared/pkg/server/middleware"	"github.com/kapu/hololive-shared/pkg/contracts/common"	"production"
"github.com/kapu/hololive-shared/pkg/server/middleware"	"github.com/kapu/hololive-shared/pkg/contracts/common"	"same_package_test"
"github.com/kapu/hololive-shared/pkg/service/alarm"	"github.com/kapu/hololive-shared/pkg/contracts/alarm"	"production"
"github.com/kapu/hololive-shared/pkg/service/alarm"	"github.com/kapu/hololive-shared/pkg/dbx"	"production"
"github.com/kapu/hololive-shared/pkg/service/alarm"	"github.com/kapu/hololive-shared/pkg/domain"	"production"
"github.com/kapu/hololive-shared/pkg/service/alarm"	"github.com/kapu/hololive-shared/pkg/domain/mekparkhost"	"production"
"github.com/kapu/hololive-shared/pkg/service/alarm"	"github.com/kapu/hololive-shared/pkg/privacylog"	"production"
"github.com/kapu/hololive-shared/pkg/service/alarm"	"github.com/kapu/hololive-shared/pkg/server/middleware"	"production"
"github.com/kapu/hololive-shared/pkg/service/alarm"	"github.com/kapu/hololive-shared/pkg/service/alarm/keys"	"production"
"github.com/kapu/hololive-shared/pkg/service/alarm"	"github.com/kapu/hololive-shared/pkg/service/cache"	"production"
"github.com/kapu/hololive-shared/pkg/service/alarm"	"github.com/kapu/hololive-shared/pkg/service/database"	"production"
"github.com/kapu/hololive-shared/pkg/service/alarm"	"github.com/kapu/hololive-shared/pkg/service/internalhttp"	"production"
"github.com/kapu/hololive-shared/pkg/service/alarm"	"github.com/kapu/hololive-shared/pkg/sqlassets"	"production"
"github.com/kapu/hololive-shared/pkg/service/alarm"	"github.com/kapu/hololive-dbtest"	"same_package_test"
"github.com/kapu/hololive-shared/pkg/service/alarm"	"github.com/kapu/hololive-shared/pkg/contracts/alarm"	"same_package_test"
"github.com/kapu/hololive-shared/pkg/service/alarm"	"github.com/kapu/hololive-shared/pkg/domain"	"same_package_test"
"github.com/kapu/hololive-shared/pkg/service/alarm"	"github.com/kapu/hololive-shared/pkg/service/alarm/keys"	"same_package_test"
"github.com/kapu/hololive-shared/pkg/service/alarm"	"github.com/kapu/hololive-shared/pkg/service/cache"	"same_package_test"
"github.com/kapu/hololive-shared/pkg/service/alarm"	"github.com/kapu/hololive-shared/pkg/service/cache/mocks"	"same_package_test"
"github.com/kapu/hololive-shared/pkg/service/alarm"	"github.com/kapu/hololive-shared/pkg/testutil"	"same_package_test"
"github.com/kapu/hololive-shared/pkg/service/alarm"	"github.com/kapu/hololive-shared/pkg/util"	"same_package_test"
"github.com/kapu/hololive-shared/pkg/service/alarm/dedup"	"github.com/kapu/hololive-shared/pkg/constants"	"production"
"github.com/kapu/hololive-shared/pkg/service/alarm/dedup"	"github.com/kapu/hololive-shared/pkg/domain"	"production"
"github.com/kapu/hololive-shared/pkg/service/alarm/dedup"	"github.com/kapu/hololive-shared/pkg/privacylog"	"production"
"github.com/kapu/hololive-shared/pkg/service/alarm/dedup"	"github.com/kapu/hololive-shared/pkg/service/alarm/checker"	"production"
"github.com/kapu/hololive-shared/pkg/service/alarm/dedup"	"github.com/kapu/hololive-shared/pkg/service/alarm/keys"	"production"
"github.com/kapu/hololive-shared/pkg/service/alarm/dedup"	"github.com/kapu/hololive-shared/pkg/service/cache"	"production"
"github.com/kapu/hololive-shared/pkg/service/alarm/dedup"	"github.com/kapu/hololive-shared/pkg/constants"	"same_package_test"
"github.com/kapu/hololive-shared/pkg/service/alarm/dedup"	"github.com/kapu/hololive-shared/pkg/domain"	"same_package_test"
"github.com/kapu/hololive-shared/pkg/service/alarm/dedup"	"github.com/kapu/hololive-shared/pkg/service/alarm/keys"	"same_package_test"
"github.com/kapu/hololive-shared/pkg/service/alarm/dedup"	"github.com/kapu/hololive-shared/pkg/service/cache/mocks"	"same_package_test"
"github.com/kapu/hololive-shared/pkg/service/alarm/dedup"	"github.com/kapu/hololive-shared/pkg/service/alarm/dedup"	"external_test"
"github.com/kapu/hololive-shared/pkg/service/alarm/dispatchoutbox"	"github.com/kapu/hololive-shared/pkg/domain"	"production"
"github.com/kapu/hololive-shared/pkg/service/alarm/dispatchoutbox"	"github.com/kapu/hololive-shared/pkg/pgxutil"	"production"
"github.com/kapu/hololive-shared/pkg/service/alarm/dispatchoutbox"	"github.com/kapu/hololive-shared/pkg/service/alarm/keys"	"production"
"github.com/kapu/hololive-shared/pkg/service/alarm/dispatchoutbox"	"github.com/kapu/hololive-shared/pkg/service/database"	"production"
"github.com/kapu/hololive-shared/pkg/service/alarm/dispatchoutbox"	"github.com/kapu/hololive-shared/pkg/sqlassets"	"production"
"github.com/kapu/hololive-shared/pkg/service/alarm/dispatchoutbox"	"github.com/kapu/hololive-shared/pkg/util"	"production"
"github.com/kapu/hololive-shared/pkg/service/alarm/dispatchoutbox"	"github.com/kapu/hololive-dbtest"	"same_package_test"
"github.com/kapu/hololive-shared/pkg/service/alarm/dispatchoutbox"	"github.com/kapu/hololive-shared/pkg/domain"	"same_package_test"
"github.com/kapu/hololive-shared/pkg/service/alarm/dispatchoutbox"	"github.com/kapu/hololive-shared/pkg/service/cache"	"same_package_test"
"github.com/kapu/hololive-shared/pkg/service/alarm/keys"	"github.com/kapu/hololive-shared/pkg/domain"	"production"
"github.com/kapu/hololive-shared/pkg/service/alarm/keys"	"github.com/kapu/hololive-shared/pkg/domain"	"same_package_test"
"github.com/kapu/hololive-shared/pkg/service/alarm/keys"	"github.com/kapu/hololive-shared/pkg/privacylog"	"same_package_test"
"github.com/kapu/hololive-shared/pkg/service/alarm/queue"	"github.com/kapu/hololive-shared/pkg/contracts/alarm"	"production"
"github.com/kapu/hololive-shared/pkg/service/alarm/queue"	"github.com/kapu/hololive-shared/pkg/domain"	"production"
"github.com/kapu/hololive-shared/pkg/service/alarm/queue"	"github.com/kapu/hololive-shared/pkg/service/alarm/dispatchoutbox"	"production"
"github.com/kapu/hololive-shared/pkg/service/alarm/queue"	"github.com/kapu/hololive-shared/pkg/service/cache"	"production"
"github.com/kapu/hololive-shared/pkg/service/alarm/queue"	"github.com/kapu/hololive-shared/pkg/contracts/alarm"	"same_package_test"
"github.com/kapu/hololive-shared/pkg/service/alarm/queue"	"github.com/kapu/hololive-shared/pkg/domain"	"same_package_test"
"github.com/kapu/hololive-shared/pkg/service/alarm/queue"	"github.com/kapu/hololive-shared/pkg/service/alarm/dispatchoutbox"	"same_package_test"
"github.com/kapu/hololive-shared/pkg/service/alarm/queue"	"github.com/kapu/hololive-shared/pkg/service/cache"	"same_package_test"
"github.com/kapu/hololive-shared/pkg/service/alarm/queue"	"github.com/kapu/hololive-shared/pkg/service/cache/mocks"	"same_package_test"
"github.com/kapu/hololive-shared/pkg/service/alarm/queue"	"github.com/kapu/hololive-shared/pkg/testutil"	"same_package_test"
"github.com/kapu/hololive-shared/pkg/service/cache"	"github.com/kapu/hololive-shared/pkg/constants"	"production"
"github.com/kapu/hololive-shared/pkg/service/cache"	"github.com/kapu/hololive-shared/pkg/privacylog"	"production"
"github.com/kapu/hololive-shared/pkg/service/cache"	"github.com/kapu/hololive-shared/pkg/util"	"production"
"github.com/kapu/hololive-shared/pkg/service/cache"	"github.com/kapu/hololive-shared/internal/testredis"	"same_package_test"
"github.com/kapu/hololive-shared/pkg/service/cache/mocks"	"github.com/kapu/hololive-shared/pkg/service/cache"	"production"
"github.com/kapu/hololive-shared/pkg/service/database"	"github.com/kapu/hololive-shared/pkg/constants"	"production"
"github.com/kapu/hololive-shared/pkg/service/database"	"github.com/kapu/hololive-shared/pkg/constants"	"same_package_test"
"github.com/kapu/hololive-shared/pkg/service/database"	"github.com/kapu/hololive-shared/pkg/service/database"	"external_test"
"github.com/kapu/hololive-shared/pkg/service/database/mocks"	"github.com/kapu/hololive-shared/pkg/service/database"	"production"
"github.com/kapu/hololive-shared/pkg/service/delivery"	"github.com/kapu/hololive-shared/pkg/config/settings"	"production"
"github.com/kapu/hololive-shared/pkg/service/delivery"	"github.com/kapu/hololive-shared/pkg/domain"	"production"
"github.com/kapu/hololive-shared/pkg/service/delivery"	"github.com/kapu/hololive-shared/pkg/privacylog"	"production"
"github.com/kapu/hololive-shared/pkg/service/delivery"	"github.com/kapu/hololive-shared/pkg/service/database"	"production"
"github.com/kapu/hololive-shared/pkg/service/delivery"	"github.com/kapu/hololive-shared/pkg/service/sendoutcome"	"production"
"github.com/kapu/hololive-shared/pkg/service/delivery"	"github.com/kapu/hololive-shared/pkg/util"	"production"
"github.com/kapu/hololive-shared/pkg/service/delivery"	"github.com/kapu/hololive-dbtest"	"same_package_test"
"github.com/kapu/hololive-shared/pkg/service/delivery"	"github.com/kapu/hololive-shared/pkg/domain"	"same_package_test"
"github.com/kapu/hololive-shared/pkg/service/delivery"	"github.com/kapu/hololive-shared/pkg/service/sendoutcome"	"same_package_test"
"github.com/kapu/hololive-shared/pkg/service/holodex/provider"	"github.com/kapu/hololive-shared/internal/service/fallback"	"production"
"github.com/kapu/hololive-shared/pkg/service/holodex/provider"	"github.com/kapu/hololive-shared/internal/service/holodex/provider/apiclient"	"production"
"github.com/kapu/hololive-shared/pkg/service/holodex/provider"	"github.com/kapu/hololive-shared/internal/service/holodex/provider/htmlscraper"	"production"
"github.com/kapu/hololive-shared/pkg/service/holodex/provider"	"github.com/kapu/hololive-shared/internal/service/holodex/provider/streammapping"	"production"
"github.com/kapu/hololive-shared/pkg/service/holodex/provider"	"github.com/kapu/hololive-shared/pkg/config/settings"	"production"
"github.com/kapu/hololive-shared/pkg/service/holodex/provider"	"github.com/kapu/hololive-shared/pkg/constants"	"production"
"github.com/kapu/hololive-shared/pkg/service/holodex/provider"	"github.com/kapu/hololive-shared/pkg/domain"	"production"
"github.com/kapu/hololive-shared/pkg/service/holodex/provider"	"github.com/kapu/hololive-shared/pkg/privacylog"	"production"
"github.com/kapu/hololive-shared/pkg/service/holodex/provider"	"github.com/kapu/hololive-shared/pkg/service/cache"	"production"
"github.com/kapu/hololive-shared/pkg/service/holodex/provider"	"github.com/kapu/hololive-shared/pkg/service/member"	"production"
"github.com/kapu/hololive-shared/pkg/service/holodex/provider"	"github.com/kapu/hololive-shared/pkg/service/ratelimit"	"production"
"github.com/kapu/hololive-shared/pkg/service/holodex/provider"	"github.com/kapu/hololive-shared/internal/service/holodex/provider/apiclient"	"same_package_test"
"github.com/kapu/hololive-shared/pkg/service/holodex/provider"	"github.com/kapu/hololive-shared/internal/service/holodex/provider/htmlscraper"	"same_package_test"
"github.com/kapu/hololive-shared/pkg/service/holodex/provider"	"github.com/kapu/hololive-shared/internal/service/holodex/provider/streammapping"	"same_package_test"
"github.com/kapu/hololive-shared/pkg/service/holodex/provider"	"github.com/kapu/hololive-shared/internal/testredis"	"same_package_test"
"github.com/kapu/hololive-shared/pkg/service/holodex/provider"	"github.com/kapu/hololive-shared/pkg/config/settings"	"same_package_test"
"github.com/kapu/hololive-shared/pkg/service/holodex/provider"	"github.com/kapu/hololive-shared/pkg/constants"	"same_package_test"
"github.com/kapu/hololive-shared/pkg/service/holodex/provider"	"github.com/kapu/hololive-shared/pkg/domain"	"same_package_test"
"github.com/kapu/hololive-shared/pkg/service/holodex/provider"	"github.com/kapu/hololive-shared/pkg/privacylog"	"same_package_test"
"github.com/kapu/hololive-shared/pkg/service/holodex/provider"	"github.com/kapu/hololive-shared/pkg/service/cache"	"same_package_test"
"github.com/kapu/hololive-shared/pkg/service/holodex/provider"	"github.com/kapu/hololive-shared/pkg/service/cache/mocks"	"same_package_test"
"github.com/kapu/hololive-shared/pkg/service/internalhttp"	"github.com/kapu/hololive-shared/pkg/config/settings"	"production"
"github.com/kapu/hololive-shared/pkg/service/kakaoroom"	"github.com/kapu/hololive-shared/pkg/sqlassets"	"production"
"github.com/kapu/hololive-shared/pkg/service/kakaoroom"	"github.com/kapu/hololive-dbtest"	"same_package_test"
"github.com/kapu/hololive-shared/pkg/service/member"	"github.com/kapu/hololive-shared/pkg/constants"	"production"
"github.com/kapu/hololive-shared/pkg/service/member"	"github.com/kapu/hololive-shared/pkg/domain"	"production"
"github.com/kapu/hololive-shared/pkg/service/member"	"github.com/kapu/hololive-shared/pkg/service/cache"	"production"
"github.com/kapu/hololive-shared/pkg/service/member"	"github.com/kapu/hololive-shared/pkg/service/database"	"production"
"github.com/kapu/hololive-shared/pkg/service/member"	"github.com/kapu/hololive-shared/pkg/sqlassets"	"production"
"github.com/kapu/hololive-shared/pkg/service/member"	"github.com/kapu/hololive-dbtest"	"same_package_test"
"github.com/kapu/hololive-shared/pkg/service/member"	"github.com/kapu/hololive-shared/internal/testredis"	"same_package_test"
"github.com/kapu/hololive-shared/pkg/service/member"	"github.com/kapu/hololive-shared/internal/testutil"	"same_package_test"
"github.com/kapu/hololive-shared/pkg/service/member"	"github.com/kapu/hololive-shared/pkg/domain"	"same_package_test"
"github.com/kapu/hololive-shared/pkg/service/member"	"github.com/kapu/hololive-shared/pkg/service/cache"	"same_package_test"
"github.com/kapu/hololive-shared/pkg/service/member"	"github.com/kapu/hololive-shared/pkg/service/database/mocks"	"same_package_test"
"github.com/kapu/hololive-shared/pkg/service/messagestrings"	"github.com/kapu/hololive-shared/pkg/sqlassets"	"production"
"github.com/kapu/hololive-shared/pkg/service/messagestrings"	"github.com/kapu/hololive-dbtest"	"external_test"
"github.com/kapu/hololive-shared/pkg/service/messagestrings"	"github.com/kapu/hololive-shared/pkg/service/messagestrings"	"external_test"
"github.com/kapu/hololive-shared/pkg/service/notification/alarmservice"	"github.com/kapu/hololive-shared/internal/service/notification/alarmcache"	"production"
"github.com/kapu/hololive-shared/pkg/service/notification/alarmservice"	"github.com/kapu/hololive-shared/pkg/domain"	"production"
"github.com/kapu/hololive-shared/pkg/service/notification/alarmservice"	"github.com/kapu/hololive-shared/pkg/domain/mekparkhost"	"production"
"github.com/kapu/hololive-shared/pkg/service/notification/alarmservice"	"github.com/kapu/hololive-shared/pkg/privacylog"	"production"
"github.com/kapu/hololive-shared/pkg/service/notification/alarmservice"	"github.com/kapu/hololive-shared/pkg/service/alarm"	"production"
"github.com/kapu/hololive-shared/pkg/service/notification/alarmservice"	"github.com/kapu/hololive-shared/pkg/service/alarm/checker"	"production"
"github.com/kapu/hololive-shared/pkg/service/notification/alarmservice"	"github.com/kapu/hololive-shared/pkg/service/alarm/keys"	"production"
"github.com/kapu/hololive-shared/pkg/service/notification/alarmservice"	"github.com/kapu/hololive-shared/pkg/service/cache"	"production"
"github.com/kapu/hololive-shared/pkg/service/notification/alarmservice"	"github.com/kapu/hololive-dbtest"	"same_package_test"
"github.com/kapu/hololive-shared/pkg/service/notification/alarmservice"	"github.com/kapu/hololive-shared/internal/service/notification/alarmcache"	"same_package_test"
"github.com/kapu/hololive-shared/pkg/service/notification/alarmservice"	"github.com/kapu/hololive-shared/pkg/domain"	"same_package_test"
"github.com/kapu/hololive-shared/pkg/service/notification/alarmservice"	"github.com/kapu/hololive-shared/pkg/privacylog"	"same_package_test"
"github.com/kapu/hololive-shared/pkg/service/notification/alarmservice"	"github.com/kapu/hololive-shared/pkg/service/alarm"	"same_package_test"
"github.com/kapu/hololive-shared/pkg/service/notification/alarmservice"	"github.com/kapu/hololive-shared/pkg/service/alarm/checker"	"same_package_test"
"github.com/kapu/hololive-shared/pkg/service/notification/alarmservice"	"github.com/kapu/hololive-shared/pkg/service/alarm/keys"	"same_package_test"
"github.com/kapu/hololive-shared/pkg/service/notification/alarmservice"	"github.com/kapu/hololive-shared/pkg/service/cache"	"same_package_test"
"github.com/kapu/hololive-shared/pkg/service/notification/alarmservice"	"github.com/kapu/hololive-shared/pkg/service/cache/mocks"	"same_package_test"
"github.com/kapu/hololive-shared/pkg/service/notification/alarmservice"	"github.com/kapu/hololive-shared/pkg/service/database/mocks"	"same_package_test"
"github.com/kapu/hololive-shared/pkg/service/notification/alarmservice"	"github.com/kapu/hololive-shared/pkg/testutil"	"same_package_test"
"github.com/kapu/hololive-shared/pkg/service/officialidentity"	"github.com/kapu/hololive-shared/pkg/domain"	"production"
"github.com/kapu/hololive-shared/pkg/service/officialidentity"	"github.com/kapu/hololive-shared/pkg/domain"	"same_package_test"
"github.com/kapu/hololive-shared/pkg/service/ratelimit"	"github.com/kapu/hololive-shared/pkg/service/cache"	"production"
"github.com/kapu/hololive-shared/pkg/service/ratelimit"	"github.com/kapu/hololive-shared/pkg/service/cache"	"same_package_test"
"github.com/kapu/hololive-shared/pkg/service/settings"	"github.com/kapu/hololive-shared/pkg/service/alarm/checker"	"production"
"github.com/kapu/hololive-shared/pkg/service/shortlink"	"github.com/kapu/hololive-shared/pkg/contracts/shortlink"	"production"
"github.com/kapu/hololive-shared/pkg/service/template"	"github.com/kapu/hololive-shared/internal/service/template/sampledata"	"production"
"github.com/kapu/hololive-shared/pkg/service/template"	"github.com/kapu/hololive-shared/pkg/domain"	"production"
"github.com/kapu/hololive-shared/pkg/service/template"	"github.com/kapu/hololive-shared/pkg/repository"	"production"
"github.com/kapu/hololive-shared/pkg/service/template"	"github.com/kapu/hololive-shared/pkg/sqlassets"	"production"
"github.com/kapu/hololive-shared/pkg/service/template"	"github.com/kapu/hololive-shared/pkg/util"	"production"
"github.com/kapu/hololive-shared/pkg/service/template"	"github.com/kapu/hololive-dbtest"	"same_package_test"
"github.com/kapu/hololive-shared/pkg/service/template"	"github.com/kapu/hololive-shared/internal/service/template/sampledata"	"same_package_test"
"github.com/kapu/hololive-shared/pkg/service/template"	"github.com/kapu/hololive-shared/pkg/domain"	"same_package_test"
"github.com/kapu/hololive-shared/pkg/service/template"	"github.com/kapu/hololive-shared/pkg/repository"	"same_package_test"
"github.com/kapu/hololive-shared/pkg/service/template"	"github.com/kapu/hololive-shared/pkg/util"	"same_package_test"
"github.com/kapu/hololive-shared/pkg/service/template"	"github.com/kapu/hololive-dbtest"	"external_test"
"github.com/kapu/hololive-shared/pkg/service/template"	"github.com/kapu/hololive-shared/pkg/domain"	"external_test"
"github.com/kapu/hololive-shared/pkg/service/template"	"github.com/kapu/hololive-shared/pkg/repository"	"external_test"
"github.com/kapu/hololive-shared/pkg/service/template"	"github.com/kapu/hololive-shared/pkg/service/template"	"external_test"
"github.com/kapu/hololive-shared/pkg/service/xspaces"	"github.com/kapu/hololive-shared/pkg/sqlassets"	"production"
"github.com/kapu/hololive-shared/pkg/service/xspaces"	"github.com/kapu/hololive-dbtest"	"same_package_test"
"github.com/kapu/hololive-shared/pkg/service/youtube/alarmtiming"	"github.com/kapu/hololive-shared/pkg/service/youtube/timestamp"	"production"
"github.com/kapu/hololive-shared/pkg/service/youtube/contentid"	"github.com/kapu/hololive-shared/pkg/domain"	"production"
"github.com/kapu/hololive-shared/pkg/service/youtube/contentid"	"github.com/kapu/hololive-shared/pkg/domain"	"same_package_test"
"github.com/kapu/hololive-shared/pkg/service/youtube/outbox/analytics"	"github.com/kapu/hololive-shared/pkg/domain"	"production"
"github.com/kapu/hololive-shared/pkg/service/youtube/outbox/analytics"	"github.com/kapu/hololive-shared/pkg/domain"	"same_package_test"
"github.com/kapu/hololive-shared/pkg/service/youtube/outbox/analytics"	"github.com/kapu/hololive-shared/pkg/service/youtube/outbox/deliverysql"	"same_package_test"
"github.com/kapu/hololive-shared/pkg/service/youtube/outbox/deliverysql"	"github.com/kapu/hololive-shared/pkg/dbx"	"production"
"github.com/kapu/hololive-shared/pkg/service/youtube/outbox/deliverysql"	"github.com/kapu/hololive-shared/pkg/domain"	"production"
"github.com/kapu/hololive-shared/pkg/service/youtube/outbox/deliverysql"	"github.com/kapu/hololive-shared/pkg/pgxutil"	"production"
"github.com/kapu/hololive-shared/pkg/service/youtube/outbox/deliverysql"	"github.com/kapu/hololive-shared/pkg/dbx"	"same_package_test"
"github.com/kapu/hololive-shared/pkg/service/youtube/outbox/format"	"github.com/kapu/hololive-shared/pkg/domain"	"production"
"github.com/kapu/hololive-shared/pkg/service/youtube/outbox/format"	"github.com/kapu/hololive-shared/pkg/domain/mekparkhost"	"production"
"github.com/kapu/hololive-shared/pkg/service/youtube/outbox/format"	"github.com/kapu/hololive-shared/pkg/service/cache"	"production"
"github.com/kapu/hololive-shared/pkg/service/youtube/outbox/format"	"github.com/kapu/hololive-shared/pkg/service/messagestrings"	"production"
"github.com/kapu/hololive-shared/pkg/service/youtube/outbox/format"	"github.com/kapu/hololive-shared/pkg/service/template"	"production"
"github.com/kapu/hololive-shared/pkg/service/youtube/outbox/format"	"github.com/kapu/hololive-shared/pkg/util"	"production"
"github.com/kapu/hololive-shared/pkg/service/youtube/outbox/format"	"github.com/kapu/hololive-shared/internal/service/template/sampledata"	"same_package_test"
"github.com/kapu/hololive-shared/pkg/service/youtube/outbox/format"	"github.com/kapu/hololive-shared/pkg/domain"	"same_package_test"
"github.com/kapu/hololive-shared/pkg/service/youtube/outbox/format"	"github.com/kapu/hololive-shared/pkg/service/cache/mocks"	"same_package_test"
"github.com/kapu/hololive-shared/pkg/service/youtube/outbox/format"	"github.com/kapu/hololive-shared/pkg/util"	"same_package_test"
"github.com/kapu/hololive-shared/pkg/service/youtube/outbox/telemetry"	"github.com/kapu/hololive-shared/pkg/dbx"	"production"
"github.com/kapu/hololive-shared/pkg/service/youtube/outbox/telemetry"	"github.com/kapu/hololive-shared/pkg/domain"	"production"
"github.com/kapu/hololive-shared/pkg/service/youtube/outbox/telemetry"	"github.com/kapu/hololive-shared/pkg/service/youtube/alarmtiming"	"production"
"github.com/kapu/hololive-shared/pkg/service/youtube/outbox/telemetry"	"github.com/kapu/hololive-shared/pkg/service/youtube/contentid"	"production"
"github.com/kapu/hololive-shared/pkg/service/youtube/outbox/telemetry"	"github.com/kapu/hololive-shared/pkg/service/youtube/outbox/analytics"	"production"
"github.com/kapu/hololive-shared/pkg/service/youtube/outbox/telemetry"	"github.com/kapu/hololive-shared/pkg/service/youtube/outbox/deliverysql"	"production"
"github.com/kapu/hololive-shared/pkg/service/youtube/outbox/telemetry"	"github.com/kapu/hololive-shared/pkg/service/youtube/outbox/timeline"	"production"
"github.com/kapu/hololive-shared/pkg/service/youtube/outbox/telemetry"	"github.com/kapu/hololive-shared/pkg/sqlassets"	"production"
"github.com/kapu/hololive-shared/pkg/service/youtube/outbox/telemetry"	"github.com/kapu/hololive-dbtest"	"same_package_test"
"github.com/kapu/hololive-shared/pkg/service/youtube/outbox/telemetry"	"github.com/kapu/hololive-shared/pkg/dbx"	"same_package_test"
"github.com/kapu/hololive-shared/pkg/service/youtube/outbox/telemetry"	"github.com/kapu/hololive-shared/pkg/domain"	"same_package_test"
"github.com/kapu/hololive-shared/pkg/service/youtube/outbox/timeline"	"github.com/kapu/hololive-shared/pkg/domain"	"production"
"github.com/kapu/hololive-shared/pkg/service/youtube/outbox/timeline"	"github.com/kapu/hololive-shared/pkg/domain"	"same_package_test"
"github.com/kapu/hololive-shared/pkg/service/youtube/poller/runtime"	"github.com/kapu/hololive-shared/pkg/domain"	"production"
"github.com/kapu/hololive-shared/pkg/service/youtube/poller/runtime"	"github.com/kapu/hololive-shared/pkg/service/youtube/contentid"	"production"
"github.com/kapu/hololive-shared/pkg/service/youtube/poller/runtime"	"github.com/kapu/hololive-shared/pkg/service/youtube/scraper/scraping/parser"	"production"
"github.com/kapu/hololive-shared/pkg/service/youtube/poller/runtime"	"github.com/kapu/hololive-shared/pkg/domain"	"same_package_test"
"github.com/kapu/hololive-shared/pkg/service/youtube/poller/runtime"	"github.com/kapu/hololive-shared/pkg/service/youtube/scraper/scraping/parser"	"same_package_test"
"github.com/kapu/hololive-shared/pkg/service/youtube/poller/runtime/batchrepo"	"github.com/kapu/hololive-shared/pkg/dbx"	"production"
"github.com/kapu/hololive-shared/pkg/service/youtube/poller/runtime/batchrepo"	"github.com/kapu/hololive-shared/pkg/domain"	"production"
"github.com/kapu/hololive-shared/pkg/service/youtube/poller/runtime/batchrepo"	"github.com/kapu/hololive-shared/pkg/pgxutil"	"production"
"github.com/kapu/hololive-shared/pkg/service/youtube/poller/runtime/batchrepo"	"github.com/kapu/hololive-shared/pkg/service/youtube/contentid"	"production"
"github.com/kapu/hololive-shared/pkg/service/youtube/poller/runtime/batchrepo"	"github.com/kapu/hololive-shared/pkg/service/youtube/timestamp"	"production"
"github.com/kapu/hololive-shared/pkg/service/youtube/poller/runtime/batchrepo"	"github.com/kapu/hololive-shared/pkg/service/youtube/tracking/observation"	"production"
"github.com/kapu/hololive-shared/pkg/service/youtube/poller/runtime/batchrepo"	"github.com/kapu/hololive-shared/pkg/sqlassets"	"production"
"github.com/kapu/hololive-shared/pkg/service/youtube/poller/runtime/batchrepo"	"github.com/kapu/hololive-dbtest"	"same_package_test"
"github.com/kapu/hololive-shared/pkg/service/youtube/poller/runtime/batchrepo"	"github.com/kapu/hololive-shared/pkg/dbx"	"same_package_test"
"github.com/kapu/hololive-shared/pkg/service/youtube/poller/runtime/batchrepo"	"github.com/kapu/hololive-shared/pkg/domain"	"same_package_test"
"github.com/kapu/hololive-shared/pkg/service/youtube/poller/runtime/batchrepo"	"github.com/kapu/hololive-shared/pkg/service/youtube/contentid"	"same_package_test"
"github.com/kapu/hololive-shared/pkg/service/youtube/poller/runtime/batchrepo"	"github.com/kapu/hololive-shared/pkg/service/youtube/timestamp"	"same_package_test"
"github.com/kapu/hololive-shared/pkg/service/youtube/scraper/scraping"	"github.com/kapu/hololive-shared/internal/service/youtube/scraper/scraping/backoff"	"production"
"github.com/kapu/hololive-shared/pkg/service/youtube/scraper/scraping"	"github.com/kapu/hololive-shared/internal/service/youtube/scraper/ua"	"production"
"github.com/kapu/hololive-shared/pkg/service/youtube/scraper/scraping"	"github.com/kapu/hololive-shared/pkg/config/settings"	"production"
"github.com/kapu/hololive-shared/pkg/service/youtube/scraper/scraping"	"github.com/kapu/hololive-shared/pkg/service/youtube/admission"	"production"
"github.com/kapu/hololive-shared/pkg/service/youtube/scraper/scraping"	"github.com/kapu/hololive-shared/pkg/service/youtube/scraper/internal/initialdata"	"production"
"github.com/kapu/hololive-shared/pkg/service/youtube/scraper/scraping"	"github.com/kapu/hololive-shared/pkg/service/youtube/scraper/scraping/parser"	"production"
"github.com/kapu/hololive-shared/pkg/service/youtube/scraper/scraping"	"github.com/kapu/hololive-shared/pkg/service/youtube/scraper/scraping/ratelimiter"	"production"
"github.com/kapu/hololive-shared/pkg/service/youtube/scraper/scraping"	"github.com/kapu/hololive-shared/pkg/service/youtube/timestamp"	"production"
"github.com/kapu/hololive-shared/pkg/service/youtube/scraper/scraping"	"github.com/kapu/hololive-shared/pkg/util"	"production"
"github.com/kapu/hololive-shared/pkg/service/youtube/scraper/scraping"	"github.com/kapu/hololive-shared/internal/service/youtube/scraper/scraping/backoff"	"same_package_test"
"github.com/kapu/hololive-shared/pkg/service/youtube/scraper/scraping"	"github.com/kapu/hololive-shared/internal/service/youtube/scraper/ua"	"same_package_test"
"github.com/kapu/hololive-shared/pkg/service/youtube/scraper/scraping"	"github.com/kapu/hololive-shared/pkg/config/settings"	"same_package_test"
"github.com/kapu/hololive-shared/pkg/service/youtube/scraper/scraping"	"github.com/kapu/hololive-shared/pkg/service/ratelimit"	"same_package_test"
"github.com/kapu/hololive-shared/pkg/service/youtube/scraper/scraping"	"github.com/kapu/hololive-shared/pkg/service/youtube/admission"	"same_package_test"
"github.com/kapu/hololive-shared/pkg/service/youtube/scraper/scraping"	"github.com/kapu/hololive-shared/pkg/service/youtube/scraper/internal/initialdata"	"same_package_test"
"github.com/kapu/hololive-shared/pkg/service/youtube/scraper/scraping"	"github.com/kapu/hololive-shared/pkg/service/youtube/scraper/scraping/parser"	"same_package_test"
"github.com/kapu/hololive-shared/pkg/service/youtube/scraper/scraping"	"github.com/kapu/hololive-shared/pkg/service/youtube/scraper/scraping/ratelimiter"	"same_package_test"
"github.com/kapu/hololive-shared/pkg/service/youtube/scraper/scraping/parser"	"github.com/kapu/hololive-shared/pkg/service/youtube/scraper/internal/initialdata"	"production"
"github.com/kapu/hololive-shared/pkg/service/youtube/scraper/scraping/parser"	"github.com/kapu/hololive-shared/pkg/service/youtube/timestamp"	"production"
"github.com/kapu/hololive-shared/pkg/service/youtube/scraper/scraping/ratelimiter"	"github.com/kapu/hololive-shared/pkg/service/ratelimit"	"production"
"github.com/kapu/hololive-shared/pkg/service/youtube/scraper/scraping/ratelimiter"	"github.com/kapu/hololive-shared/pkg/service/ratelimit"	"same_package_test"
"github.com/kapu/hololive-shared/pkg/service/youtube/sourceobservation"	"github.com/kapu/hololive-shared/internal/service/youtube/community"	"production"
"github.com/kapu/hololive-shared/pkg/service/youtube/sourceobservation"	"github.com/kapu/hololive-shared/internal/service/youtube/reconcile/content"	"production"
"github.com/kapu/hololive-shared/pkg/service/youtube/sourceobservation"	"github.com/kapu/hololive-shared/internal/service/youtube/reconcile/live"	"production"
"github.com/kapu/hololive-shared/pkg/service/youtube/sourceobservation"	"github.com/kapu/hololive-shared/internal/service/youtube/reconcile/photo"	"production"
"github.com/kapu/hololive-shared/pkg/service/youtube/sourceobservation"	"github.com/kapu/hololive-shared/internal/service/youtube/reconcile/profile"	"production"
"github.com/kapu/hololive-shared/pkg/service/youtube/sourceobservation"	"github.com/kapu/hololive-shared/internal/service/youtube/reconcile/schedule"	"production"
"github.com/kapu/hololive-shared/pkg/service/youtube/sourceobservation"	"github.com/kapu/hololive-shared/internal/service/youtube/reconcile/viewer"	"production"
"github.com/kapu/hololive-shared/pkg/service/youtube/sourceobservation"	"github.com/kapu/hololive-shared/pkg/contracts/sourceobservation"	"production"
"github.com/kapu/hololive-shared/pkg/service/youtube/sourceobservation"	"github.com/kapu/hololive-shared/pkg/dbx"	"production"
"github.com/kapu/hololive-shared/pkg/service/youtube/sourceobservation"	"github.com/kapu/hololive-shared/pkg/domain"	"production"
"github.com/kapu/hololive-shared/pkg/service/youtube/sourceobservation"	"github.com/kapu/hololive-shared/pkg/service/youtube/poller/runtime"	"production"
"github.com/kapu/hololive-shared/pkg/service/youtube/sourceobservation"	"github.com/kapu/hololive-shared/pkg/service/youtube/poller/runtime/batchrepo"	"production"
"github.com/kapu/hololive-shared/pkg/service/youtube/sourceobservation"	"github.com/kapu/hololive-shared/pkg/sqlassets"	"production"
"github.com/kapu/hololive-shared/pkg/service/youtube/sourceobservation"	"github.com/kapu/hololive-dbtest"	"same_package_test"
"github.com/kapu/hololive-shared/pkg/service/youtube/sourceobservation"	"github.com/kapu/hololive-shared/internal/service/youtube/community"	"same_package_test"
"github.com/kapu/hololive-shared/pkg/service/youtube/sourceobservation"	"github.com/kapu/hololive-shared/internal/service/youtube/reconcile/content"	"same_package_test"
"github.com/kapu/hololive-shared/pkg/service/youtube/sourceobservation"	"github.com/kapu/hololive-shared/internal/service/youtube/reconcile/live"	"same_package_test"
"github.com/kapu/hololive-shared/pkg/service/youtube/sourceobservation"	"github.com/kapu/hololive-shared/internal/service/youtube/reconcile/schedule"	"same_package_test"
"github.com/kapu/hololive-shared/pkg/service/youtube/sourceobservation"	"github.com/kapu/hololive-shared/pkg/contracts/sourceobservation"	"same_package_test"
"github.com/kapu/hololive-shared/pkg/service/youtube/sourceobservation"	"github.com/kapu/hololive-shared/pkg/dbx"	"same_package_test"
"github.com/kapu/hololive-shared/pkg/service/youtube/sourceobservation"	"github.com/kapu/hololive-shared/pkg/domain"	"same_package_test"
"github.com/kapu/hololive-shared/pkg/service/youtube/sourceobservation"	"github.com/kapu/hololive-shared/pkg/service/alarm/dispatchoutbox"	"same_package_test"
"github.com/kapu/hololive-shared/pkg/service/youtube/sourceobservation"	"github.com/kapu/hololive-shared/pkg/service/youtube/poller/runtime"	"same_package_test"
"github.com/kapu/hololive-shared/pkg/service/youtube/sourceobservation"	"github.com/kapu/hololive-shared/pkg/service/youtube/poller/runtime/batchrepo"	"same_package_test"
"github.com/kapu/hololive-shared/pkg/service/youtube/tracking/observation"	"github.com/kapu/hololive-shared/pkg/dbx"	"production"
"github.com/kapu/hololive-shared/pkg/service/youtube/tracking/observation"	"github.com/kapu/hololive-shared/pkg/domain"	"production"
"github.com/kapu/hololive-shared/pkg/service/youtube/tracking/observation"	"github.com/kapu/hololive-shared/pkg/pgxutil"	"production"
"github.com/kapu/hololive-shared/pkg/service/youtube/tracking/observation"	"github.com/kapu/hololive-shared/pkg/service/youtube/alarmtiming"	"production"
"github.com/kapu/hololive-shared/pkg/service/youtube/tracking/observation"	"github.com/kapu/hololive-shared/pkg/service/youtube/contentid"	"production"
"github.com/kapu/hololive-shared/pkg/service/youtube/tracking/observation"	"github.com/kapu/hololive-shared/pkg/service/youtube/timestamp"	"production"
"github.com/kapu/hololive-shared/pkg/service/youtube/tracking/observation"	"github.com/kapu/hololive-shared/pkg/sqlassets"	"production"
"github.com/kapu/hololive-shared/pkg/service/youtube/tracking/observation"	"github.com/kapu/hololive-dbtest"	"same_package_test"
"github.com/kapu/hololive-shared/pkg/service/youtube/tracking/observation"	"github.com/kapu/hololive-shared/pkg/domain"	"same_package_test"
"github.com/kapu/hololive-shared/pkg/testutil"	"github.com/kapu/hololive-shared/internal/testutil"	"production"
"github.com/kapu/hololive-shared/pkg/testutil"	"github.com/kapu/hololive-shared/internal/testutil/cacheclient"	"production"
"github.com/kapu/hololive-shared/pkg/testutil"	"github.com/kapu/hololive-shared/pkg/service/cache"	"production"
"github.com/kapu/hololive-youtube-collector/cmd/po-broker"	"github.com/kapu/hololive-youtube-collector/internal/runtime/pobroker"	"production"
"github.com/kapu/hololive-youtube-collector/cmd/po-broker"	"github.com/kapu/hololive-youtube-collector/internal/runtime/pobroker"	"same_package_test"
"github.com/kapu/hololive-youtube-collector/cmd/runtime/youtube-collector"	"github.com/kapu/hololive-shared/pkg/config/settings/collector"	"production"
"github.com/kapu/hololive-youtube-collector/cmd/runtime/youtube-collector"	"github.com/kapu/hololive-shared/pkg/constants"	"production"
"github.com/kapu/hololive-youtube-collector/cmd/runtime/youtube-collector"	"github.com/kapu/hololive-shared/pkg/observability"	"production"
"github.com/kapu/hololive-youtube-collector/cmd/runtime/youtube-collector"	"github.com/kapu/hololive-youtube-collector/internal/runtime/collectorruntime"	"production"
"github.com/kapu/hololive-youtube-collector/cmd/runtime/youtube-collector"	"github.com/kapu/hololive-shared/pkg/config/settings"	"same_package_test"
"github.com/kapu/hololive-youtube-collector/cmd/runtime/youtube-collector"	"github.com/kapu/hololive-shared/pkg/config/settings/collector"	"same_package_test"
"github.com/kapu/hololive-youtube-collector/internal/runtime/collecterr"	"github.com/kapu/hololive-shared/pkg/contracts/sourceobservation"	"production"
"github.com/kapu/hololive-youtube-collector/internal/runtime/collecterr"	"github.com/kapu/hololive-shared/pkg/contracts/sourceobservation"	"same_package_test"
"github.com/kapu/hololive-youtube-collector/internal/runtime/collectorruntime"	"github.com/kapu/hololive-shared/pkg/config/settings"	"production"
"github.com/kapu/hololive-youtube-collector/internal/runtime/collectorruntime"	"github.com/kapu/hololive-shared/pkg/config/settings/collector"	"production"
"github.com/kapu/hololive-youtube-collector/internal/runtime/collectorruntime"	"github.com/kapu/hololive-shared/pkg/constants"	"production"
"github.com/kapu/hololive-youtube-collector/internal/runtime/collectorruntime"	"github.com/kapu/hololive-shared/pkg/contracts/sourceobservation"	"production"
"github.com/kapu/hololive-youtube-collector/internal/runtime/collectorruntime"	"github.com/kapu/hololive-shared/pkg/providers"	"production"
"github.com/kapu/hololive-youtube-collector/internal/runtime/collectorruntime"	"github.com/kapu/hololive-shared/pkg/server/httpserver"	"production"
"github.com/kapu/hololive-youtube-collector/internal/runtime/collectorruntime"	"github.com/kapu/hololive-shared/pkg/service/database"	"production"
"github.com/kapu/hololive-youtube-collector/internal/runtime/collectorruntime"	"github.com/kapu/hololive-shared/pkg/service/youtube/scraper/scraping/ratelimiter"	"production"
"github.com/kapu/hololive-youtube-collector/internal/runtime/collectorruntime"	"github.com/kapu/hololive-shared/pkg/service/youtube/sourceobservation"	"production"
"github.com/kapu/hololive-youtube-collector/internal/runtime/collectorruntime"	"github.com/kapu/hololive-shared/pkg/sqlassets"	"production"
"github.com/kapu/hololive-youtube-collector/internal/runtime/collectorruntime"	"github.com/kapu/hololive-youtube-collector/internal/runtime/collecterr"	"production"
"github.com/kapu/hololive-youtube-collector/internal/runtime/collectorruntime"	"github.com/kapu/hololive-youtube-collector/internal/runtime/collectutil"	"production"
"github.com/kapu/hololive-youtube-collector/internal/runtime/collectorruntime"	"github.com/kapu/hololive-youtube-collector/internal/runtime/holodexcollector"	"production"
"github.com/kapu/hololive-youtube-collector/internal/runtime/collectorruntime"	"github.com/kapu/hololive-youtube-collector/internal/runtime/joblease"	"production"
"github.com/kapu/hololive-youtube-collector/internal/runtime/collectorruntime"	"github.com/kapu/hololive-youtube-collector/internal/runtime/officialcollector"	"production"
"github.com/kapu/hololive-youtube-collector/internal/runtime/collectorruntime"	"github.com/kapu/hololive-youtube-collector/internal/runtime/providerhttp"	"production"
"github.com/kapu/hololive-youtube-collector/internal/runtime/collectorruntime"	"github.com/kapu/hololive-youtube-collector/internal/runtime/youtubejs"	"production"
"github.com/kapu/hololive-youtube-collector/internal/runtime/collectorruntime"	"github.com/kapu/hololive-youtube-collector/internal/runtime/youtubejscollector"	"production"
"github.com/kapu/hololive-youtube-collector/internal/runtime/collectorruntime"	"github.com/kapu/hololive-dbtest"	"same_package_test"
"github.com/kapu/hololive-youtube-collector/internal/runtime/collectorruntime"	"github.com/kapu/hololive-shared/pkg/config/settings"	"same_package_test"
"github.com/kapu/hololive-youtube-collector/internal/runtime/collectorruntime"	"github.com/kapu/hololive-shared/pkg/config/settings/collector"	"same_package_test"
"github.com/kapu/hololive-youtube-collector/internal/runtime/collectorruntime"	"github.com/kapu/hololive-shared/pkg/contracts/sourceobservation"	"same_package_test"
"github.com/kapu/hololive-youtube-collector/internal/runtime/collectorruntime"	"github.com/kapu/hololive-shared/pkg/server/httpserver"	"same_package_test"
"github.com/kapu/hololive-youtube-collector/internal/runtime/collectorruntime"	"github.com/kapu/hololive-shared/pkg/service/youtube/poller/runtime/batchrepo"	"same_package_test"
"github.com/kapu/hololive-youtube-collector/internal/runtime/collectorruntime"	"github.com/kapu/hololive-shared/pkg/service/youtube/sourceobservation"	"same_package_test"
"github.com/kapu/hololive-youtube-collector/internal/runtime/collectorruntime"	"github.com/kapu/hololive-shared/pkg/sqlassets"	"same_package_test"
"github.com/kapu/hololive-youtube-collector/internal/runtime/collectorruntime"	"github.com/kapu/hololive-youtube-collector/internal/runtime/collecterr"	"same_package_test"
"github.com/kapu/hololive-youtube-collector/internal/runtime/collectorruntime"	"github.com/kapu/hololive-youtube-collector/internal/runtime/collectutil"	"same_package_test"
"github.com/kapu/hololive-youtube-collector/internal/runtime/collectorruntime"	"github.com/kapu/hololive-youtube-collector/internal/runtime/joblease"	"same_package_test"
"github.com/kapu/hololive-youtube-collector/internal/runtime/collectorruntime"	"github.com/kapu/hololive-youtube-collector/internal/runtime/youtubejs"	"same_package_test"
"github.com/kapu/hololive-youtube-collector/internal/runtime/collectorruntime"	"github.com/kapu/hololive-youtube-collector/internal/runtime/youtubejscollector"	"same_package_test"
"github.com/kapu/hololive-youtube-collector/internal/runtime/collectutil"	"github.com/kapu/hololive-shared/pkg/contracts/sourceobservation"	"production"
"github.com/kapu/hololive-youtube-collector/internal/runtime/collectutil"	"github.com/kapu/hololive-shared/pkg/service/youtube/sourceobservation"	"production"
"github.com/kapu/hololive-youtube-collector/internal/runtime/collectutil"	"github.com/kapu/hololive-youtube-collector/internal/runtime/collecterr"	"production"
"github.com/kapu/hololive-youtube-collector/internal/runtime/collectutil"	"github.com/kapu/hololive-youtube-collector/internal/runtime/joblease"	"production"
"github.com/kapu/hololive-youtube-collector/internal/runtime/collectutil"	"github.com/kapu/hololive-youtube-collector/internal/runtime/youtubejs"	"production"
"github.com/kapu/hololive-youtube-collector/internal/runtime/collectutil"	"github.com/kapu/hololive-shared/pkg/contracts/sourceobservation"	"same_package_test"
"github.com/kapu/hololive-youtube-collector/internal/runtime/collectutil"	"github.com/kapu/hololive-shared/pkg/service/youtube/sourceobservation"	"same_package_test"
"github.com/kapu/hololive-youtube-collector/internal/runtime/collectutil"	"github.com/kapu/hololive-youtube-collector/internal/runtime/collecterr"	"same_package_test"
"github.com/kapu/hololive-youtube-collector/internal/runtime/collectutil"	"github.com/kapu/hololive-youtube-collector/internal/runtime/joblease"	"same_package_test"
"github.com/kapu/hololive-youtube-collector/internal/runtime/collectutil"	"github.com/kapu/hololive-youtube-collector/internal/runtime/youtubejs"	"same_package_test"
"github.com/kapu/hololive-youtube-collector/internal/runtime/holodexcollector"	"github.com/kapu/hololive-shared/pkg/contracts/sourceobservation"	"production"
"github.com/kapu/hololive-youtube-collector/internal/runtime/holodexcollector"	"github.com/kapu/hololive-shared/pkg/service/youtube/sourceobservation"	"production"
"github.com/kapu/hololive-youtube-collector/internal/runtime/holodexcollector"	"github.com/kapu/hololive-youtube-collector/internal/runtime/collecterr"	"production"
"github.com/kapu/hololive-youtube-collector/internal/runtime/holodexcollector"	"github.com/kapu/hololive-youtube-collector/internal/runtime/collectutil"	"production"
"github.com/kapu/hololive-youtube-collector/internal/runtime/holodexcollector"	"github.com/kapu/hololive-youtube-collector/internal/runtime/providerhttp"	"production"
"github.com/kapu/hololive-youtube-collector/internal/runtime/holodexcollector"	"github.com/kapu/hololive-dbtest"	"same_package_test"
"github.com/kapu/hololive-youtube-collector/internal/runtime/holodexcollector"	"github.com/kapu/hololive-shared/pkg/contracts/sourceobservation"	"same_package_test"
"github.com/kapu/hololive-youtube-collector/internal/runtime/holodexcollector"	"github.com/kapu/hololive-shared/pkg/service/youtube/sourceobservation"	"same_package_test"
"github.com/kapu/hololive-youtube-collector/internal/runtime/holodexcollector"	"github.com/kapu/hololive-youtube-collector/internal/runtime/collecterr"	"same_package_test"
"github.com/kapu/hololive-youtube-collector/internal/runtime/holodexcollector"	"github.com/kapu/hololive-youtube-collector/internal/runtime/collectutil"	"same_package_test"
"github.com/kapu/hololive-youtube-collector/internal/runtime/holodexcollector"	"github.com/kapu/hololive-youtube-collector/internal/runtime/joblease"	"same_package_test"
"github.com/kapu/hololive-youtube-collector/internal/runtime/holodexcollector"	"github.com/kapu/hololive-youtube-collector/internal/runtime/providerhttp"	"same_package_test"
"github.com/kapu/hololive-youtube-collector/internal/runtime/holodexcollector"	"github.com/kapu/hololive-youtube-collector/internal/testutil"	"same_package_test"
"github.com/kapu/hololive-youtube-collector/internal/runtime/joblease"	"github.com/kapu/hololive-shared/pkg/contracts/sourceobservation"	"production"
"github.com/kapu/hololive-youtube-collector/internal/runtime/joblease"	"github.com/kapu/hololive-shared/pkg/dbx"	"production"
"github.com/kapu/hololive-youtube-collector/internal/runtime/joblease"	"github.com/kapu/hololive-shared/pkg/service/youtube/sourceobservation"	"production"
"github.com/kapu/hololive-youtube-collector/internal/runtime/joblease"	"github.com/kapu/hololive-shared/pkg/sqlassets"	"production"
"github.com/kapu/hololive-youtube-collector/internal/runtime/joblease"	"github.com/kapu/hololive-youtube-collector/internal/runtime/collecterr"	"production"
"github.com/kapu/hololive-youtube-collector/internal/runtime/joblease"	"github.com/kapu/hololive-dbtest"	"same_package_test"
"github.com/kapu/hololive-youtube-collector/internal/runtime/joblease"	"github.com/kapu/hololive-shared/pkg/contracts/sourceobservation"	"same_package_test"
"github.com/kapu/hololive-youtube-collector/internal/runtime/joblease"	"github.com/kapu/hololive-shared/pkg/service/youtube/sourceobservation"	"same_package_test"
"github.com/kapu/hololive-youtube-collector/internal/runtime/joblease"	"github.com/kapu/hololive-shared/pkg/sqlassets"	"same_package_test"
"github.com/kapu/hololive-youtube-collector/internal/runtime/joblease"	"github.com/kapu/hololive-youtube-collector/internal/runtime/collecterr"	"same_package_test"
"github.com/kapu/hololive-youtube-collector/internal/runtime/officialcollector"	"github.com/kapu/hololive-shared/pkg/contracts/sourceobservation"	"production"
"github.com/kapu/hololive-youtube-collector/internal/runtime/officialcollector"	"github.com/kapu/hololive-shared/pkg/service/youtube/sourceobservation"	"production"
"github.com/kapu/hololive-youtube-collector/internal/runtime/officialcollector"	"github.com/kapu/hololive-youtube-collector/internal/runtime/collecterr"	"production"
"github.com/kapu/hololive-youtube-collector/internal/runtime/officialcollector"	"github.com/kapu/hololive-youtube-collector/internal/runtime/collectutil"	"production"
"github.com/kapu/hololive-youtube-collector/internal/runtime/officialcollector"	"github.com/kapu/hololive-youtube-collector/internal/runtime/providerhttp"	"production"
"github.com/kapu/hololive-youtube-collector/internal/runtime/officialcollector"	"github.com/kapu/hololive-dbtest"	"same_package_test"
"github.com/kapu/hololive-youtube-collector/internal/runtime/officialcollector"	"github.com/kapu/hololive-shared/pkg/contracts/sourceobservation"	"same_package_test"
"github.com/kapu/hololive-youtube-collector/internal/runtime/officialcollector"	"github.com/kapu/hololive-shared/pkg/service/youtube/sourceobservation"	"same_package_test"
"github.com/kapu/hololive-youtube-collector/internal/runtime/officialcollector"	"github.com/kapu/hololive-youtube-collector/internal/runtime/collecterr"	"same_package_test"
"github.com/kapu/hololive-youtube-collector/internal/runtime/officialcollector"	"github.com/kapu/hololive-youtube-collector/internal/runtime/collectutil"	"same_package_test"
"github.com/kapu/hololive-youtube-collector/internal/runtime/officialcollector"	"github.com/kapu/hololive-youtube-collector/internal/runtime/joblease"	"same_package_test"
"github.com/kapu/hololive-youtube-collector/internal/runtime/officialcollector"	"github.com/kapu/hololive-youtube-collector/internal/runtime/providerhttp"	"same_package_test"
"github.com/kapu/hololive-youtube-collector/internal/runtime/officialcollector"	"github.com/kapu/hololive-youtube-collector/internal/testutil"	"same_package_test"
"github.com/kapu/hololive-youtube-collector/internal/runtime/providerhttp"	"github.com/kapu/hololive-shared/pkg/contracts/sourceobservation"	"production"
"github.com/kapu/hololive-youtube-collector/internal/runtime/providerhttp"	"github.com/kapu/hololive-youtube-collector/internal/runtime/collecterr"	"production"
"github.com/kapu/hololive-youtube-collector/internal/runtime/providerhttp"	"github.com/kapu/hololive-shared/pkg/contracts/sourceobservation"	"same_package_test"
"github.com/kapu/hololive-youtube-collector/internal/runtime/providerhttp"	"github.com/kapu/hololive-youtube-collector/internal/runtime/collecterr"	"same_package_test"
"github.com/kapu/hololive-youtube-collector/internal/runtime/youtubejs"	"github.com/kapu/hololive-shared/pkg/contracts/sourceobservation"	"production"
"github.com/kapu/hololive-youtube-collector/internal/runtime/youtubejs"	"github.com/kapu/hololive-shared/pkg/service/youtube/scraper/scraping/parser"	"production"
"github.com/kapu/hololive-youtube-collector/internal/runtime/youtubejs"	"github.com/kapu/hololive-shared/pkg/service/youtube/scraper/scraping/ratelimiter"	"production"
"github.com/kapu/hololive-youtube-collector/internal/runtime/youtubejs"	"github.com/kapu/hololive-youtube-collector/internal/runtime/collecterr"	"production"
"github.com/kapu/hololive-youtube-collector/internal/runtime/youtubejs"	"github.com/kapu/hololive-shared/pkg/contracts/sourceobservation"	"same_package_test"
"github.com/kapu/hololive-youtube-collector/internal/runtime/youtubejs"	"github.com/kapu/hololive-shared/pkg/service/youtube/scraper/scraping/parser"	"same_package_test"
"github.com/kapu/hololive-youtube-collector/internal/runtime/youtubejs"	"github.com/kapu/hololive-shared/pkg/service/youtube/scraper/scraping/ratelimiter"	"same_package_test"
"github.com/kapu/hololive-youtube-collector/internal/runtime/youtubejs"	"github.com/kapu/hololive-youtube-collector/internal/runtime/collecterr"	"same_package_test"
"github.com/kapu/hololive-youtube-collector/internal/runtime/youtubejscollector"	"github.com/kapu/hololive-shared/pkg/contracts/sourceobservation"	"production"
"github.com/kapu/hololive-youtube-collector/internal/runtime/youtubejscollector"	"github.com/kapu/hololive-shared/pkg/service/youtube/scraper/scraping/parser"	"production"
"github.com/kapu/hololive-youtube-collector/internal/runtime/youtubejscollector"	"github.com/kapu/hololive-shared/pkg/service/youtube/sourceobservation"	"production"
"github.com/kapu/hololive-youtube-collector/internal/runtime/youtubejscollector"	"github.com/kapu/hololive-youtube-collector/internal/runtime/collecterr"	"production"
"github.com/kapu/hololive-youtube-collector/internal/runtime/youtubejscollector"	"github.com/kapu/hololive-youtube-collector/internal/runtime/collectutil"	"production"
"github.com/kapu/hololive-youtube-collector/internal/runtime/youtubejscollector"	"github.com/kapu/hololive-youtube-collector/internal/runtime/youtubejs"	"production"
"github.com/kapu/hololive-youtube-collector/internal/runtime/youtubejscollector"	"github.com/kapu/hololive-dbtest"	"same_package_test"
"github.com/kapu/hololive-youtube-collector/internal/runtime/youtubejscollector"	"github.com/kapu/hololive-shared/pkg/contracts/sourceobservation"	"same_package_test"
"github.com/kapu/hololive-youtube-collector/internal/runtime/youtubejscollector"	"github.com/kapu/hololive-shared/pkg/service/youtube/scraper/scraping/parser"	"same_package_test"
"github.com/kapu/hololive-youtube-collector/internal/runtime/youtubejscollector"	"github.com/kapu/hololive-shared/pkg/service/youtube/sourceobservation"	"same_package_test"
"github.com/kapu/hololive-youtube-collector/internal/runtime/youtubejscollector"	"github.com/kapu/hololive-youtube-collector/internal/runtime/collecterr"	"same_package_test"
"github.com/kapu/hololive-youtube-collector/internal/runtime/youtubejscollector"	"github.com/kapu/hololive-youtube-collector/internal/runtime/collectutil"	"same_package_test"
"github.com/kapu/hololive-youtube-collector/internal/runtime/youtubejscollector"	"github.com/kapu/hololive-youtube-collector/internal/runtime/joblease"	"same_package_test"
"github.com/kapu/hololive-youtube-collector/internal/runtime/youtubejscollector"	"github.com/kapu/hololive-youtube-collector/internal/runtime/youtubejs"	"same_package_test"
"github.com/kapu/hololive-youtube-collector/internal/runtime/youtubejscollector"	"github.com/kapu/hololive-youtube-collector/internal/testutil"	"same_package_test"
"github.com/kapu/hololive-youtube-collector/internal/testutil"	"github.com/kapu/hololive-shared/pkg/contracts/sourceobservation"	"production"
"github.com/kapu/hololive-youtube-collector/internal/testutil"	"github.com/kapu/hololive-shared/pkg/service/youtube/sourceobservation"	"production"
"github.com/kapu/hololive-youtube-collector/internal/testutil"	"github.com/kapu/hololive-shared/pkg/sqlassets"	"production"
"github.com/kapu/hololive-youtube-collector/internal/testutil"	"github.com/kapu/hololive-youtube-collector/internal/runtime/joblease"	"production"
